,rs35837871,rs780983,rs1775416,rs12139270,rs10737914,rs1553288,rs17376524,rs12137141,rs10909845,rs3104435,rs7515988,rs351617,rs7538876,rs2501430,rs12722898,rs2231863,rs7535816,rs10157835,rs12754637,rs6698317,rs166604,rs3010876,rs12746773,rs4360511,rs4920299,rs4655141,rs11573253,rs3218121,charac1,charac2,charac3,charac4,charac5,charac6,charac7,charac8,charac9,charac10
0,0,0,0,0,0,0,1,0,0,0,1,0,0,1,1,0,0,1,0,0,0,1,1,2,0,0,2,1,0,0,0,0,0,0,0,0,0,0
1,1,1,0,0,0,0,1,1,0,1,0,1,1,1,1,1,0,0,0,0,1,2,0,0,1,1,1,1,1,1,1,1,1,1,1,1,1,1
2,2,1,1,0,0,0,0,1,1,2,0,1,2,0,2,1,0,0,0,0,0,1,0,0,0,1,0,0,0,0,1,0,1,1,1,1,0,0
3,0,1,1,0,1,0,0,2,0,1,0,0,2,0,1,0,0,0,1,0,2,0,1,1,0,0,2,1,0,0,0,0,0,0,0,0,0,0
4,2,0,1,1,0,1,0,2,0,0,2,0,0,1,0,0,1,0,0,0,2,1,0,1,1,0,1,1,0,0,0,0,0,0,0,0,0,0
5,0,1,0,1,0,0,1,1,0,0,0,0,2,1,0,0,0,1,1,0,1,1,0,0,2,1,1,0,0,0,0,0,0,0,0,0,0,0
6,1,1,1,0,1,1,0,1,1,0,0,0,2,0,1,1,0,2,1,1,0,1,1,1,0,1,1,1,1,0,0,1,0,0,0,0,0,0
7,0,0,0,0,0,0,0,0,0,1,0,1,1,1,1,0,0,0,1,0,1,0,1,0,1,0,0,1,1,1,1,1,0,0,0,1,1,1
8,2,1,1,0,0,0,2,0,1,1,0,0,1,2,2,0,0,0,0,0,0,0,1,2,0,2,0,0,0,1,1,1,0,1,0,0,0,0
9,0,0,1,0,0,1,1,0,0,0,0,1,1,0,1,1,0,0,1,0,0,0,1,1,0,0,0,1,1,1,1,1,1,1,1,1,1,1
10,1,1,0,0,0,1,0,0,0,1,1,0,2,0,1,0,0,0,0,1,0,1,0,0,1,2,0,0,1,1,1,1,1,1,1,1,1,1
11,0,1,0,0,1,1,0,0,2,0,0,0,0,1,1,0,0,0,0,1,0,1,1,2,0,1,2,0,1,1,1,1,1,1,1,1,1,1
12,0,2,1,0,0,0,1,2,1,1,0,0,1,0,1,0,1,0,2,0,2,2,0,0,0,1,1,2,1,1,1,1,1,1,1,1,1,1
13,0,1,0,1,1,1,2,0,0,1,0,0,1,0,2,1,0,0,2,1,1,0,0,2,0,0,1,0,0,1,1,0,1,0,1,0,0,1
14,1,0,1,0,0,1,1,0,0,0,1,0,0,1,2,1,1,0,0,1,1,0,1,1,0,1,1,0,1,1,1,1,1,1,1,1,1,0
15,1,0,0,0,0,0,0,1,0,1,0,0,1,0,1,0,0,0,2,0,0,0,1,1,0,2,0,0,1,0,0,0,0,0,0,0,0,0
16,1,0,0,0,0,2,1,0,1,1,0,0,1,1,1,0,0,0,2,0,0,0,0,0,0,0,1,0,0,0,0,0,0,0,0,0,0,0
17,0,1,0,1,0,1,1,2,0,1,0,0,1,0,2,0,0,0,0,1,1,1,1,0,0,0,0,0,0,0,0,0,0,0,0,0,0,0
18,0,1,2,0,1,0,0,0,0,1,0,0,0,1,0,0,0,0,1,0,0,1,2,0,0,2,1,1,0,0,0,0,0,0,0,0,0,1
19,1,1,1,0,0,0,1,0,0,0,0,1,0,0,1,0,0,1,1,0,1,1,2,1,2,1,0,0,0,0,0,0,0,0,0,0,0,0
20,0,1,0,0,0,0,1,0,0,0,0,0,1,2,1,0,1,0,0,0,0,1,1,0,1,2,0,2,1,1,1,1,1,1,1,1,1,1
21,1,0,0,1,0,0,0,0,0,0,0,0,1,2,1,0,1,0,1,0,1,0,1,2,0,0,2,0,0,1,0,0,0,1,0,1,1,1
22,0,2,0,0,2,0,0,0,0,1,1,1,1,1,1,0,0,0,0,2,0,1,0,0,0,1,1,0,1,1,0,1,1,1,1,1,1,0
23,0,1,1,0,0,2,0,1,0,1,1,0,1,1,0,0,2,0,1,0,1,1,2,1,1,0,1,1,1,1,1,1,1,1,1,1,0,1
24,1,1,0,0,1,1,0,2,0,1,1,1,0,2,2,0,0,0,0,0,1,1,1,2,1,1,1,2,0,0,0,0,0,0,0,0,0,0
25,0,1,1,0,0,1,0,1,0,2,0,0,1,1,1,1,0,0,0,0,1,1,1,0,0,0,1,0,0,0,0,0,0,0,0,0,0,0
26,0,1,2,1,0,1,1,0,0,1,0,1,1,1,0,0,0,0,0,0,0,0,2,0,0,0,2,0,0,0,1,0,0,0,0,0,0,0
27,0,1,1,0,0,0,0,0,0,0,0,0,0,0,2,0,0,0,2,0,1,0,1,1,0,0,2,0,1,0,1,0,1,1,0,1,0,0
28,0,1,0,0,0,2,0,0,0,1,0,0,1,1,0,0,0,1,1,2,0,1,0,1,0,0,1,1,0,0,0,0,1,0,0,0,1,0
29,0,0,0,1,2,1,0,2,1,0,0,0,2,1,1,0,0,0,1,0,1,0,1,2,1,0,0,0,1,1,1,1,1,1,1,1,1,1
30,0,1,1,0,0,0,1,1,0,0,0,0,1,1,0,0,0,1,2,0,1,0,1,0,0,2,0,0,0,0,0,0,0,0,0,0,0,0
31,1,0,1,0,1,1,0,0,0,1,0,0,1,2,1,0,0,0,1,0,0,1,2,1,0,2,0,1,0,0,0,0,0,0,0,0,0,0
32,1,0,1,0,0,1,0,0,1,0,0,0,0,1,0,1,1,0,1,1,0,1,1,1,2,0,1,2,1,1,1,1,1,1,1,1,1,1
33,1,1,0,0,0,0,0,1,0,2,1,0,1,2,1,0,0,0,1,0,1,1,1,1,1,0,1,0,1,1,1,1,1,1,1,1,1,1
34,0,0,0,0,0,1,0,0,1,0,1,0,0,0,2,0,0,1,0,0,1,0,0,1,1,0,1,0,0,0,0,0,1,1,0,1,0,0
35,1,1,0,1,1,0,1,2,0,0,0,0,1,0,1,0,0,0,0,0,2,1,1,1,0,0,1,0,0,0,0,0,0,0,0,0,0,0
36,1,0,0,0,1,0,1,0,0,1,0,0,1,0,1,0,1,0,1,1,1,1,1,1,0,0,1,0,0,0,1,0,0,0,0,0,0,1
37,0,0,0,0,0,0,0,1,0,0,0,0,1,1,0,0,1,0,0,0,1,0,1,0,1,1,0,1,0,0,0,0,0,0,0,0,0,0
38,1,2,2,0,0,1,0,1,0,1,1,0,1,0,1,0,1,0,0,0,1,1,1,1,0,0,0,1,1,1,1,1,1,1,1,1,1,1
39,0,1,0,0,0,1,2,1,0,1,1,0,1,2,1,1,1,1,1,1,1,1,0,1,1,1,1,0,0,0,0,0,0,0,0,0,0,0
40,0,1,0,0,0,0,1,1,0,1,0,0,0,0,1,0,1,0,0,0,0,0,1,1,0,0,2,1,0,0,0,0,0,0,0,0,0,0
41,1,1,0,0,0,0,0,2,1,1,0,0,1,0,0,0,0,0,1,0,1,0,0,0,0,1,0,0,0,0,0,0,0,0,0,0,0,0
42,0,0,1,0,1,1,0,2,0,2,0,0,2,2,2,0,0,0,0,0,2,1,1,0,0,0,0,0,1,1,1,0,0,1,0,1,1,1
43,0,2,0,1,0,0,0,1,1,2,0,0,0,0,2,1,1,1,1,0,0,0,0,1,1,1,1,1,0,0,0,1,1,1,0,0,0,0
44,1,2,0,0,1,1,1,2,0,2,2,0,1,1,1,1,0,0,1,0,1,1,1,1,1,0,1,1,0,0,0,0,0,0,0,0,1,0
45,1,1,2,0,0,2,1,2,1,0,0,0,0,1,2,0,0,0,1,1,2,1,2,1,0,1,1,0,0,0,0,0,0,0,0,0,0,0
46,0,2,1,0,1,1,2,2,1,1,0,0,0,1,0,0,0,1,0,0,0,0,1,0,0,0,2,2,1,1,1,1,1,1,1,1,1,1
47,0,1,2,0,0,2,0,2,0,2,0,1,1,1,1,0,1,0,1,1,1,0,1,0,0,2,0,0,1,1,1,1,0,1,1,1,1,1
48,1,1,0,0,0,1,2,0,0,0,1,0,1,1,2,0,1,0,2,0,0,1,0,1,1,1,1,0,0,0,0,0,0,0,0,0,0,0
49,1,1,1,0,0,0,1,1,0,0,1,1,1,0,2,1,1,0,1,1,1,0,0,1,1,1,0,0,0,0,0,0,0,0,0,0,0,0
50,0,1,0,0,0,0,1,1,0,1,1,0,1,1,2,0,0,0,1,0,1,1,0,1,2,1,0,1,0,0,1,0,0,0,0,0,0,0
51,0,0,0,0,0,2,0,1,0,1,0,0,0,0,0,0,0,0,0,0,1,1,1,1,0,0,0,1,1,1,1,1,1,1,1,1,1,1
52,2,1,0,0,1,1,0,2,0,0,0,0,0,0,0,0,1,0,0,0,1,1,1,0,0,1,1,0,1,0,0,0,0,0,1,0,1,0
53,2,2,2,0,0,1,1,0,0,0,0,0,2,1,0,0,1,0,1,0,0,0,1,0,1,0,1,1,1,1,1,1,1,1,1,1,1,1
54,1,1,1,1,1,1,0,1,0,2,0,0,2,1,1,1,0,0,0,1,1,0,1,0,1,0,1,0,1,1,1,1,1,1,1,1,1,1
55,0,1,1,0,0,2,0,0,2,1,0,0,0,1,1,1,0,0,1,0,0,0,0,0,1,1,0,0,1,1,1,1,1,1,1,1,1,1
56,0,1,1,0,0,2,0,1,0,1,1,1,2,0,1,0,0,0,1,1,2,0,0,1,0,0,1,0,0,0,0,0,0,0,0,0,0,0
57,0,1,0,0,1,1,0,1,0,1,0,0,1,1,0,0,1,0,1,0,0,2,0,1,2,1,0,1,1,1,1,1,1,1,1,1,1,1
58,0,1,1,0,0,1,0,1,0,1,0,2,1,0,1,1,1,0,2,0,1,0,0,0,0,0,1,1,0,0,0,0,0,0,0,0,0,0
59,0,1,0,0,0,0,1,0,0,2,0,0,2,0,1,0,0,0,0,0,0,0,0,1,1,0,0,0,0,0,0,0,0,0,0,0,0,0
60,1,0,0,0,1,0,0,1,1,0,0,0,0,2,2,0,0,0,0,0,0,1,0,1,1,1,1,0,0,0,0,0,0,0,0,0,0,0
61,1,0,1,0,1,1,1,2,0,1,1,1,2,1,0,0,1,0,1,0,2,1,1,1,0,0,1,1,1,1,1,1,1,1,1,1,1,1
62,0,0,1,0,0,1,1,0,1,1,0,0,1,1,1,0,0,1,0,1,0,1,0,1,0,1,0,0,0,1,0,0,0,1,0,1,0,0
63,1,0,1,0,0,0,1,1,2,1,0,1,2,1,1,1,0,0,1,0,0,1,1,0,1,0,2,1,1,0,1,1,1,1,1,0,1,0
64,2,0,1,1,0,0,1,2,0,1,0,1,0,0,2,0,0,0,0,0,2,0,0,0,0,0,0,1,0,0,0,0,0,0,0,0,0,0
65,1,1,1,0,0,1,0,0,0,1,1,1,0,0,2,0,0,0,0,1,0,0,1,2,1,0,2,1,1,1,1,1,0,0,1,1,1,1
66,0,1,0,0,1,0,0,1,1,1,1,0,1,1,2,0,0,0,0,0,1,1,1,1,1,0,1,0,0,0,0,0,0,0,0,0,0,0
67,0,1,0,0,1,2,1,2,1,1,2,0,1,0,1,0,0,0,1,0,2,1,1,1,1,1,1,0,0,0,0,0,0,0,0,0,0,0
68,0,1,1,0,1,1,0,2,1,1,1,0,2,1,1,0,1,1,1,1,2,0,0,1,2,1,0,0,0,0,0,0,0,0,1,0,0,0
69,0,0,0,0,0,1,1,1,0,1,0,0,1,2,1,1,0,0,0,0,1,2,0,2,0,1,1,1,1,1,1,1,1,1,1,1,1,1
70,1,2,2,0,0,0,1,1,1,1,0,0,0,0,0,0,0,1,0,1,1,1,1,2,0,1,2,1,1,1,1,1,1,1,1,1,1,1
71,0,1,1,0,0,1,0,0,0,1,0,0,0,0,1,0,0,1,0,1,0,2,2,1,0,0,1,1,1,1,1,1,0,0,1,1,0,1
72,0,0,1,1,0,1,0,1,1,0,0,0,1,1,1,1,0,2,2,0,0,1,2,1,0,2,1,0,0,0,0,0,0,0,0,0,0,0
73,0,1,0,0,0,1,1,0,0,1,0,1,1,1,1,1,1,1,0,0,0,0,1,1,0,1,1,1,0,0,0,0,0,0,0,0,0,0
74,0,2,2,0,0,0,2,1,2,2,0,1,1,2,1,0,1,0,1,1,1,1,1,0,0,0,2,0,1,1,1,1,1,1,1,1,1,1
75,0,0,1,0,0,0,1,1,1,1,1,0,1,2,1,1,1,1,0,0,1,2,1,1,0,1,1,0,0,0,0,0,0,0,0,1,0,0
76,0,0,0,0,0,1,0,0,0,0,0,0,2,1,1,0,0,0,0,0,1,1,1,1,0,1,0,1,1,1,1,1,1,1,1,1,1,1
77,1,0,0,0,0,0,0,0,1,0,1,1,1,2,1,0,0,0,1,1,0,0,2,0,1,1,0,1,1,1,1,1,1,1,1,1,1,1
78,1,0,0,0,0,1,0,1,1,1,1,0,2,2,2,1,1,0,1,0,1,0,0,1,1,0,1,0,0,0,0,1,1,1,0,0,0,0
79,1,2,0,0,0,1,1,1,1,1,0,2,0,1,0,0,0,0,0,0,1,0,0,1,0,1,1,0,1,1,1,1,1,1,1,1,1,1
80,0,1,0,0,0,1,1,1,0,2,0,1,1,1,1,0,0,0,1,1,1,1,0,1,0,0,1,0,0,0,0,0,0,0,0,0,0,0
81,1,1,0,0,1,1,1,0,0,2,0,0,0,0,0,0,1,1,2,0,0,0,0,1,0,1,0,1,0,0,0,0,0,0,0,0,1,0
82,1,0,1,1,0,0,2,2,0,2,0,0,1,1,0,0,0,0,1,1,2,1,1,1,1,1,1,1,0,0,0,0,0,0,0,0,0,0
83,0,0,1,0,0,0,2,1,0,1,1,0,0,2,0,0,0,0,1,0,1,0,1,0,0,1,2,1,1,1,1,1,1,1,1,1,1,1
84,0,1,1,0,0,0,0,0,0,0,1,0,1,0,2,0,0,0,1,1,0,1,0,2,0,0,0,1,1,1,1,0,1,1,0,1,1,1
85,0,1,0,0,0,0,0,1,0,1,0,0,0,1,2,0,0,0,1,1,1,0,1,0,0,0,1,0,0,0,1,0,0,0,0,1,0,0
86,1,1,2,0,0,1,0,0,1,0,2,0,1,0,0,0,0,0,1,0,0,0,1,1,0,1,0,1,0,0,0,0,0,0,0,0,0,0
87,0,0,1,1,1,0,0,1,0,1,0,0,2,1,1,1,0,0,0,0,1,2,0,1,1,1,1,0,1,1,1,1,1,1,1,1,1,0
88,0,2,0,0,2,1,1,1,0,1,0,0,2,1,0,1,0,0,1,0,0,1,1,1,0,0,1,0,1,1,1,1,1,1,1,1,1,1
89,1,1,0,0,0,1,2,1,1,1,0,0,0,0,2,0,0,0,1,0,0,1,0,1,1,0,1,1,1,0,1,1,1,1,1,1,1,0
90,1,1,1,0,0,1,1,0,0,1,0,0,2,2,0,1,0,0,0,1,0,0,1,0,1,0,2,1,1,1,1,1,1,1,1,1,1,1
91,0,2,0,0,0,0,0,1,1,1,1,0,1,1,2,1,0,0,2,1,2,1,0,1,1,0,0,0,1,1,1,1,1,1,1,1,1,1
92,2,0,1,0,1,1,1,1,0,2,1,0,1,1,1,0,0,0,0,0,1,0,0,0,0,1,1,1,0,0,0,0,0,1,0,1,0,0
93,0,1,0,1,0,1,0,1,1,1,1,1,2,1,1,1,0,1,0,1,1,0,1,0,0,0,2,1,1,1,1,1,1,1,1,1,1,1
94,1,1,1,1,1,0,1,2,0,1,0,0,1,1,0,1,0,1,0,0,0,0,0,1,0,1,0,0,0,0,1,1,1,1,0,0,0,0
95,1,0,2,0,0,1,0,1,0,0,0,0,0,0,2,0,0,0,0,1,1,0,1,1,0,2,1,0,0,1,0,0,0,0,0,0,0,0
96,1,1,1,0,0,1,0,1,1,2,0,0,2,1,0,0,0,0,1,0,0,0,1,2,1,0,0,0,1,1,0,0,1,1,1,1,1,1
97,0,2,1,0,0,2,0,1,0,1,0,0,1,0,2,1,1,0,1,0,1,1,0,2,0,0,2,1,0,1,0,1,1,1,1,1,1,1
98,1,1,0,0,0,1,1,0,0,0,1,0,2,1,2,1,1,0,1,0,0,1,0,1,0,1,2,0,1,1,1,1,1,1,0,0,1,1
99,0,0,1,0,2,0,1,1,0,1,1,0,0,1,1,0,1,0,2,0,1,2,2,1,0,1,1,0,1,0,0,0,0,0,0,0,0,0
100,1,1,2,0,1,0,0,1,0,1,2,1,2,0,1,0,0,0,1,0,1,0,0,0,0,1,1,0,0,0,0,0,0,0,0,0,0,0
101,1,1,0,1,1,0,0,1,1,2,0,0,0,1,1,1,0,0,0,1,1,0,2,1,1,0,1,1,0,0,0,0,0,0,0,1,1,0
102,0,2,0,1,0,0,0,0,1,0,0,0,2,2,1,1,0,1,0,0,0,0,2,0,1,1,1,0,1,1,1,1,1,1,1,1,1,1
103,0,1,0,0,0,1,1,2,0,0,0,0,1,1,1,0,0,0,2,0,1,1,1,1,0,1,1,2,0,0,0,0,0,0,0,0,0,0
104,1,2,2,1,0,0,0,0,0,1,0,0,2,2,1,0,0,1,0,1,1,1,0,0,0,0,1,1,1,1,1,1,1,1,1,0,1,0
105,1,0,0,0,0,1,1,0,0,1,0,0,1,0,1,0,0,0,1,0,0,0,1,1,0,0,0,1,1,1,1,1,1,1,1,1,1,1
106,0,2,1,0,1,0,1,1,0,1,0,1,0,1,0,0,0,0,0,0,1,0,0,1,0,0,1,0,1,1,1,1,1,1,1,1,1,1
107,0,1,1,0,0,0,0,2,0,1,0,0,1,1,0,1,0,0,0,1,1,0,2,0,0,2,0,0,0,0,0,0,0,0,0,0,0,0
108,0,2,1,0,0,2,0,1,0,1,0,1,1,0,1,0,0,1,1,1,1,0,0,0,1,0,1,0,0,0,0,0,0,1,0,0,0,0
109,1,1,2,0,0,0,0,1,0,0,0,0,0,1,0,0,0,0,1,0,1,1,0,0,0,0,1,0,0,0,0,0,0,0,0,0,0,0
110,2,2,0,0,0,1,0,1,0,0,0,0,1,0,2,1,0,1,1,0,2,0,1,1,0,0,0,1,0,0,0,0,0,0,0,0,0,0
111,1,1,1,1,1,2,0,0,0,0,0,0,0,2,1,1,0,0,1,0,0,0,0,0,1,1,0,1,1,1,1,1,1,1,1,1,1,1
112,1,1,0,0,0,1,0,1,0,1,0,0,0,1,1,1,0,0,0,0,1,0,1,0,0,0,1,1,0,0,0,0,0,0,0,0,0,0
113,0,0,1,1,1,0,1,0,0,1,0,0,0,0,2,0,0,1,1,0,0,1,0,1,0,0,0,0,0,0,0,0,0,0,0,0,0,0
114,0,0,0,0,0,1,0,1,0,2,1,0,0,0,0,0,0,0,1,0,0,1,0,0,0,0,2,1,1,0,1,1,1,1,1,1,0,1
115,1,0,1,0,0,1,1,0,0,1,0,1,0,1,0,1,1,0,1,1,0,1,1,0,1,1,2,0,1,1,0,1,1,1,0,1,1,0
116,1,1,1,2,0,0,0,0,0,0,1,1,2,1,0,1,1,0,0,0,1,0,1,1,1,0,2,0,0,1,0,1,0,0,1,0,0,0
117,1,1,0,0,1,0,1,1,0,2,1,1,2,0,1,1,1,0,1,0,1,1,1,1,0,0,1,0,0,0,0,1,0,1,0,1,1,0
118,0,0,1,0,0,1,0,0,0,0,0,1,2,0,0,2,0,0,0,1,0,0,2,0,0,2,0,1,1,1,1,1,1,1,1,1,1,1
119,1,0,0,0,0,1,1,0,0,0,0,1,1,1,1,1,0,0,2,2,0,0,2,0,0,1,2,1,0,1,0,0,0,0,0,0,0,0
120,1,0,1,1,0,2,0,0,0,2,0,0,0,1,1,1,1,0,0,0,1,1,1,2,1,1,0,0,1,1,1,1,1,1,1,1,1,1
121,0,0,0,0,1,0,2,0,0,2,0,1,1,1,0,0,1,0,2,0,1,0,0,0,0,0,0,0,1,1,1,1,1,1,0,0,1,1
122,0,0,1,0,0,0,1,0,0,1,0,0,2,0,2,0,0,0,1,0,0,0,1,1,1,1,2,1,0,0,0,0,0,0,0,0,0,0
123,0,1,1,1,1,1,1,0,0,0,1,0,1,2,0,1,0,0,0,0,0,0,1,0,0,1,0,0,0,0,0,0,0,0,0,0,0,0
124,0,0,1,0,1,1,1,2,1,0,0,1,1,0,0,0,0,0,2,1,1,0,0,0,2,0,1,0,1,0,1,1,1,1,1,0,0,0
125,0,0,1,0,0,1,1,0,1,1,0,0,1,0,0,0,0,0,1,0,1,1,2,0,0,0,0,1,1,1,1,1,1,1,1,1,1,1
126,0,1,0,1,0,1,0,2,0,2,0,0,1,1,1,1,0,0,0,0,2,2,0,1,1,0,0,0,1,1,1,0,1,1,1,1,1,0
127,0,0,0,0,0,2,0,0,1,1,0,0,2,2,0,0,1,0,0,0,1,0,1,1,2,1,1,1,1,1,1,1,1,1,0,0,1,1
128,0,2,1,0,0,1,0,1,2,0,0,0,2,0,0,0,0,0,1,1,2,1,2,0,0,1,1,1,1,1,1,1,1,1,1,1,1,1
129,0,2,0,0,0,0,2,1,0,2,2,0,1,1,2,1,2,0,0,0,1,1,0,1,0,1,2,0,1,1,1,1,1,1,1,0,1,1
130,1,0,0,1,0,1,1,0,0,0,0,1,0,0,2,0,0,1,1,0,0,0,0,0,1,1,2,0,0,0,0,0,0,1,0,0,0,0
131,1,1,1,0,0,0,0,0,2,0,0,1,1,2,2,1,0,0,1,1,1,0,1,1,0,1,1,1,0,1,1,1,0,1,1,1,0,0
132,1,0,0,0,0,0,1,0,0,1,0,1,1,1,1,2,1,0,1,0,0,0,1,0,1,1,0,0,1,1,1,1,1,1,1,1,1,1
133,0,0,2,0,0,0,0,1,0,0,0,0,0,1,1,1,0,0,1,0,0,0,0,1,1,0,1,0,0,1,1,0,1,1,0,1,0,1
134,0,0,1,0,0,0,2,0,0,0,0,0,1,2,1,0,0,0,1,1,1,1,2,1,1,0,0,1,0,0,0,0,0,0,0,0,0,0
135,0,0,0,0,1,1,0,1,0,1,1,1,0,0,0,0,0,0,0,0,1,0,0,0,0,1,1,0,1,0,1,1,1,1,1,1,0,1
136,2,1,1,1,0,1,1,1,0,1,0,1,2,0,1,0,0,0,2,0,0,0,1,1,0,0,0,0,0,0,0,0,0,0,0,0,0,0
137,0,0,0,2,0,1,0,1,1,1,1,1,0,0,0,0,1,0,1,0,0,1,1,1,2,1,1,0,0,0,0,0,0,0,0,0,0,0
138,1,1,0,0,0,1,0,2,1,1,0,1,1,0,1,0,0,0,0,0,1,1,2,0,1,0,1,0,1,1,1,1,1,1,1,1,1,1
139,0,0,0,0,0,1,0,0,1,1,1,0,0,0,2,0,0,0,1,0,0,1,1,2,1,1,1,1,0,0,0,0,0,0,0,0,0,0
140,2,0,1,1,0,0,2,0,0,1,0,0,0,1,2,0,0,1,1,0,0,0,2,1,1,0,1,0,1,1,1,1,1,0,1,1,1,1
141,0,1,0,1,0,1,0,0,0,1,0,0,1,1,0,0,0,0,1,1,1,1,1,0,0,0,1,1,0,0,0,0,0,0,0,0,0,0
142,0,1,0,0,0,1,0,1,1,0,0,1,1,0,0,1,0,0,1,0,1,0,1,0,0,0,0,1,0,0,0,0,0,1,0,0,1,0
143,1,1,1,1,0,0,0,0,0,2,1,1,0,2,2,1,0,0,0,0,0,0,0,2,1,0,2,1,1,0,0,0,1,1,0,1,0,1
144,0,0,0,0,0,0,0,1,0,1,0,1,2,2,1,0,0,0,0,1,0,1,1,2,1,1,0,1,1,0,1,1,1,1,1,1,1,1
145,0,1,0,0,0,1,0,1,0,2,0,0,1,1,1,1,0,0,0,0,0,1,1,1,0,0,1,0,1,1,0,0,0,0,1,1,0,0
146,0,1,0,1,0,0,1,1,1,1,0,0,0,0,1,0,0,0,1,1,1,1,1,1,0,0,0,0,0,1,1,1,0,0,0,0,1,1
147,0,0,2,1,0,0,0,0,0,1,0,1,0,0,1,0,1,1,2,0,0,1,1,1,1,1,0,0,0,0,0,0,0,0,0,0,0,0
148,0,2,0,1,0,1,0,0,0,1,0,1,0,1,2,1,2,0,1,0,0,2,1,0,0,0,1,0,1,1,1,1,1,1,1,1,1,1
149,0,0,0,0,0,1,1,1,1,2,0,0,1,0,1,0,0,1,1,0,1,1,0,0,2,1,1,1,0,0,0,0,0,0,0,0,0,0
150,1,1,2,0,0,0,1,1,1,2,0,0,0,0,1,1,0,1,1,0,0,2,1,2,2,1,1,1,0,0,1,0,1,1,1,0,0,1
151,0,0,0,0,0,0,0,2,0,0,1,0,2,1,0,0,0,0,1,0,2,1,1,1,2,0,2,1,1,1,1,1,1,1,1,1,1,1
152,0,1,0,0,0,1,0,0,0,0,1,1,1,0,2,0,0,0,2,0,0,1,1,2,0,1,0,0,1,1,0,0,0,0,1,1,1,1
153,0,1,0,0,1,1,0,1,0,1,0,0,1,1,1,0,0,0,1,0,1,0,2,1,1,0,1,0,1,0,1,1,0,0,1,0,1,1
154,2,1,1,2,0,0,1,0,0,1,0,1,0,0,2,1,0,0,0,0,0,0,0,0,2,1,1,1,0,0,0,0,0,0,0,0,0,0
155,1,1,1,1,1,1,2,0,1,1,0,0,2,2,1,1,0,0,1,0,0,1,2,0,1,0,2,1,1,1,1,1,1,1,1,1,1,1
156,1,0,1,0,1,0,0,2,1,2,0,1,1,1,0,1,2,0,2,0,1,0,0,0,0,0,0,0,1,1,1,1,1,1,1,1,1,1
157,1,1,0,1,0,0,0,0,1,0,0,0,0,2,0,0,0,0,0,0,0,1,0,1,0,1,1,1,1,1,1,1,1,1,1,1,1,1
158,0,2,0,0,0,2,1,0,0,1,1,0,0,1,1,1,0,0,2,0,0,0,0,0,0,0,1,0,1,1,1,1,1,1,1,1,1,1
159,2,1,1,2,0,0,0,0,1,0,0,0,2,0,0,2,0,0,1,1,2,0,1,0,0,1,0,1,0,1,1,0,1,0,1,0,1,1
160,0,0,0,0,0,0,0,1,0,1,0,1,1,0,1,0,0,0,1,0,1,1,1,1,0,1,1,0,0,0,0,0,0,0,1,0,0,0
161,1,1,0,0,1,0,0,0,0,2,0,1,1,1,1,0,0,1,1,0,0,0,0,0,1,1,0,0,1,1,0,1,1,1,1,1,1,1
162,0,1,0,0,0,1,0,2,0,2,0,0,1,2,0,0,0,1,1,0,0,1,1,1,0,1,0,0,1,1,1,1,1,1,1,1,1,1
163,0,2,1,1,0,0,2,1,0,0,0,1,1,2,2,1,0,0,1,0,1,2,2,1,1,1,1,1,1,1,1,1,0,1,1,1,1,1
164,0,0,1,0,0,0,1,1,0,0,0,0,1,2,2,1,0,0,0,0,2,1,2,0,0,1,1,0,1,0,1,1,1,1,1,1,1,1
165,0,1,0,0,1,0,0,0,0,1,0,0,2,0,2,0,0,0,1,0,0,0,0,0,1,0,2,2,1,1,1,1,1,1,1,1,1,1
166,0,1,0,0,0,0,1,1,0,0,0,0,1,0,1,0,0,1,2,1,1,0,1,0,1,0,1,0,0,0,1,0,1,0,0,1,0,1
167,2,1,2,0,0,0,1,1,0,0,0,0,2,2,0,1,0,2,0,0,1,0,0,0,1,1,1,1,1,1,1,1,1,1,0,1,1,1
168,1,1,1,0,0,1,0,1,0,2,1,0,1,1,1,0,0,1,1,0,1,0,1,0,0,2,1,1,1,1,1,1,1,1,1,1,1,1
169,1,1,0,0,0,0,1,0,0,2,1,0,2,2,1,0,1,0,1,0,0,0,2,1,2,0,1,0,0,0,0,0,0,0,1,0,0,0
170,0,2,1,0,1,1,2,0,0,1,0,0,1,1,1,0,0,0,1,1,0,0,1,1,1,0,1,1,1,1,1,0,1,0,1,1,0,1
171,0,0,0,0,2,0,0,1,0,0,0,2,1,1,2,0,0,0,1,0,1,0,1,2,1,1,0,1,1,1,1,1,1,1,1,1,1,1
172,1,2,1,1,0,1,1,1,1,0,0,1,0,0,1,1,0,0,0,0,0,1,1,0,0,0,1,0,1,0,0,1,0,0,0,0,1,0
173,0,1,1,0,0,2,1,0,0,0,0,0,1,0,0,0,1,0,1,0,0,1,2,1,2,1,0,1,0,0,0,0,0,0,0,0,0,0
174,0,0,0,0,0,1,1,1,0,1,0,2,0,1,0,0,1,0,2,0,1,1,0,0,0,0,0,0,1,0,1,1,1,1,1,1,1,1
175,0,1,0,0,0,1,1,1,1,0,1,0,2,1,0,0,0,0,1,0,0,0,1,0,0,0,0,0,0,0,0,0,0,0,0,0,0,0
176,1,0,1,0,1,0,1,1,0,1,0,0,1,1,1,0,0,0,1,1,0,0,1,0,1,0,2,0,1,1,0,0,0,1,1,0,1,1
177,0,0,1,1,0,1,0,1,0,1,0,0,1,1,0,1,1,1,2,1,1,0,2,0,2,1,1,0,1,1,1,0,0,0,1,1,0,0
178,1,2,1,1,1,0,0,0,1,1,1,0,1,1,1,0,0,0,1,0,1,2,1,1,0,1,1,1,1,1,1,1,1,1,1,1,1,1
179,2,1,0,0,0,1,0,1,0,1,1,0,2,1,2,0,1,0,1,1,1,1,2,0,1,1,0,1,0,0,0,0,0,0,0,0,0,0
180,1,2,1,0,0,1,0,1,0,1,0,0,0,2,1,0,1,0,1,0,1,0,0,1,0,1,1,0,1,0,1,0,0,0,1,1,1,1
181,0,1,0,0,0,1,1,1,1,1,0,0,0,0,2,0,0,0,2,0,0,0,1,2,1,1,1,1,1,1,1,1,1,1,1,1,1,1
182,0,0,0,0,0,2,1,1,0,2,0,0,1,1,2,1,1,0,0,0,1,1,0,1,0,0,2,0,0,0,0,0,0,0,0,0,0,0
183,0,0,0,0,0,1,1,1,0,1,0,0,2,2,1,1,0,0,1,1,0,0,0,1,1,2,0,1,1,1,1,1,1,1,1,1,1,1
184,1,0,0,0,1,2,1,0,0,2,1,1,1,2,1,0,1,1,1,0,0,0,1,2,1,0,2,1,0,0,0,0,0,0,0,0,0,0
185,0,1,1,0,0,1,0,1,0,1,1,2,1,2,0,0,0,0,0,0,1,0,1,0,1,0,0,0,1,1,1,1,1,1,1,1,1,1
186,0,0,1,0,0,1,0,1,0,2,0,0,0,1,0,0,0,0,0,0,1,1,1,1,0,0,0,1,0,1,0,0,0,0,1,1,0,1
187,0,1,2,1,0,0,0,1,0,0,0,0,1,1,2,0,0,1,0,1,1,1,0,1,1,0,1,1,0,0,0,0,0,0,0,0,0,0
188,0,1,0,0,0,0,1,1,1,1,0,0,1,0,2,1,0,0,2,0,2,1,1,2,0,1,2,1,0,0,0,0,0,0,0,0,0,0
189,1,0,0,1,1,0,0,0,0,2,0,0,0,0,1,0,0,0,0,0,0,0,0,1,0,1,2,0,1,1,1,1,1,1,1,1,1,1
190,1,0,0,0,0,1,2,1,0,1,0,0,1,1,1,0,0,0,2,0,0,1,1,1,1,1,2,1,1,1,1,1,1,1,0,1,1,1
191,1,1,0,0,0,2,0,0,1,1,1,0,0,0,1,0,0,0,0,0,1,0,0,0,0,1,1,0,0,1,0,0,1,1,0,0,1,0
192,1,2,0,2,1,0,0,1,0,1,0,0,0,1,1,0,0,0,1,0,0,0,1,2,0,0,1,0,1,1,0,1,1,1,1,1,0,1
193,0,1,0,0,0,1,0,0,0,0,0,1,1,2,0,0,0,0,1,2,1,0,0,1,0,0,1,1,1,1,1,1,1,1,1,1,1,1
194,1,0,0,0,0,0,0,1,0,2,0,0,1,0,1,0,1,1,0,2,1,0,1,0,0,1,1,0,1,0,0,0,0,0,0,0,0,0
195,1,2,1,0,0,1,2,1,0,0,0,1,1,0,1,0,0,0,1,0,1,0,1,0,1,1,0,0,1,1,1,1,1,1,1,1,1,1
196,0,0,2,1,0,0,1,1,1,1,0,0,1,0,1,0,0,0,0,0,0,1,1,1,0,1,1,0,0,0,0,1,0,0,0,1,0,0
197,0,0,0,0,0,0,0,2,0,0,1,0,1,0,1,0,0,0,0,0,2,0,1,0,0,1,1,1,0,0,0,0,0,0,0,0,0,0
198,1,0,1,0,0,1,1,0,0,0,0,0,1,0,1,2,1,0,2,0,0,1,2,0,1,1,2,0,0,1,1,1,1,0,1,1,1,1
199,0,2,2,0,0,2,1,2,0,2,1,1,2,1,1,0,0,0,1,1,1,1,0,0,1,0,0,0,0,1,0,0,0,0,0,0,0,0
200,0,0,1,1,0,2,0,1,0,1,0,0,1,1,0,1,0,0,0,0,1,1,0,1,1,0,0,0,1,1,1,0,1,1,1,1,1,1
201,0,0,0,1,0,0,0,0,0,0,0,1,1,1,1,0,0,0,0,1,1,1,0,0,0,0,1,1,1,1,1,1,1,1,1,1,1,1
202,1,0,0,0,0,0,1,0,1,1,0,1,1,0,0,0,0,1,1,1,0,2,1,0,0,1,0,0,1,1,1,1,1,1,1,1,1,1
203,0,0,1,0,1,1,1,1,0,0,1,0,0,1,0,0,0,0,1,0,2,0,0,0,0,0,0,0,0,0,0,0,0,0,0,0,0,0
204,0,2,1,0,0,0,0,1,0,1,2,1,0,0,2,1,0,0,0,0,1,1,0,0,2,2,1,1,1,1,1,1,1,1,1,1,1,1
205,2,1,0,0,0,1,1,2,0,0,0,0,1,0,0,0,0,0,1,1,2,0,0,0,0,0,1,0,1,1,1,0,1,1,1,1,1,1
206,0,1,0,0,0,1,0,2,0,1,0,1,0,0,1,0,0,0,0,0,1,0,1,1,2,0,0,1,0,0,0,0,0,0,0,0,0,0
207,0,1,1,0,1,1,1,0,0,0,1,0,1,1,1,0,0,0,1,0,0,1,0,2,0,0,1,0,1,0,1,1,1,1,1,1,1,1
208,0,0,2,0,2,0,1,2,0,1,0,1,1,2,0,0,0,0,1,0,1,1,0,2,1,1,0,0,1,0,1,1,1,1,1,1,1,1
209,0,2,1,2,0,1,1,0,0,1,0,1,1,1,0,1,1,0,0,0,0,0,0,0,1,0,1,0,0,0,0,0,1,1,0,0,1,0
210,2,1,1,1,0,1,1,1,0,1,2,0,1,1,1,1,0,1,1,0,1,1,1,0,0,2,0,2,0,0,1,0,0,0,0,0,0,0
211,0,1,1,0,2,0,0,0,1,2,0,1,0,0,1,0,0,0,1,0,0,1,0,2,0,1,2,1,1,1,1,1,1,1,1,1,1,1
212,1,2,0,1,0,0,0,0,1,0,0,1,0,2,1,0,0,0,0,0,1,0,1,1,1,1,2,0,0,0,0,1,1,0,1,1,1,0
213,0,2,1,0,1,1,1,1,0,0,1,1,1,0,1,1,0,1,1,1,1,0,0,1,0,0,1,1,0,0,0,0,0,0,0,0,0,0
214,1,2,2,1,1,0,0,1,0,1,0,1,1,2,0,1,0,1,0,0,0,0,1,0,1,0,2,0,0,0,1,1,1,0,0,0,1,0
215,0,1,0,0,0,0,0,0,1,1,0,0,0,0,2,0,0,0,2,0,0,0,2,1,1,0,1,1,1,1,1,1,1,1,1,1,1,1
216,0,2,1,1,0,1,1,1,0,1,0,0,0,1,1,2,1,0,1,0,0,0,0,1,0,0,0,0,0,0,0,0,0,0,1,0,0,0
217,1,2,0,0,2,1,0,2,0,1,0,0,2,1,0,0,0,0,2,1,2,0,2,1,1,2,0,0,1,1,1,1,1,1,1,1,1,0
218,0,0,0,1,0,2,2,1,0,2,1,0,0,1,0,1,1,0,2,1,1,0,0,0,1,0,1,0,0,0,0,0,0,0,0,0,0,0
219,1,1,0,0,0,2,0,0,1,0,0,0,0,1,1,0,0,0,0,0,0,0,1,1,1,1,2,1,1,1,1,1,1,1,1,1,1,1
220,2,0,0,0,0,1,0,1,0,2,1,0,0,2,1,0,0,0,1,0,0,0,2,0,1,1,2,0,0,1,0,0,0,0,0,0,1,0
221,0,0,1,0,0,0,1,1,2,1,0,1,2,1,1,0,0,0,0,1,1,2,1,1,0,1,1,1,0,0,0,0,0,0,0,0,0,0
222,0,0,0,0,2,0,1,1,0,1,0,0,1,1,1,0,0,0,1,0,2,1,2,0,0,0,1,2,1,1,1,1,1,1,1,1,1,1
223,0,1,1,0,1,2,2,0,0,0,0,0,2,1,0,1,0,0,0,0,0,2,1,0,1,0,1,0,1,1,1,1,1,1,1,1,1,1
224,1,2,0,0,0,1,2,0,0,0,0,1,1,1,1,0,0,0,0,0,0,0,1,2,0,1,1,0,1,1,1,1,1,1,1,1,1,1
225,0,2,1,0,0,1,1,0,0,1,1,0,2,1,1,0,0,0,1,0,1,0,0,0,1,1,2,0,0,0,0,0,0,0,0,0,0,0
226,1,2,1,0,0,1,1,0,0,0,1,0,2,2,1,0,1,0,2,0,1,1,1,0,2,0,2,1,0,0,0,0,0,0,0,0,0,0
227,1,1,0,0,0,0,1,1,0,2,1,0,1,0,2,0,0,0,0,0,1,0,2,2,0,0,1,0,0,0,0,0,0,0,0,0,0,0
228,1,1,0,0,1,1,1,1,0,0,1,1,1,2,2,0,0,0,0,1,2,1,2,0,0,1,1,0,0,0,0,0,0,0,0,0,0,0
229,0,1,0,0,0,0,1,1,0,0,0,0,2,0,1,0,0,0,0,0,1,1,1,1,0,0,0,0,0,0,0,0,0,1,0,0,1,0
230,1,0,0,1,1,0,0,0,1,1,0,0,2,1,0,1,0,0,1,0,0,0,2,0,1,1,2,1,0,0,1,0,0,0,0,0,0,0
231,1,0,0,0,0,0,1,0,0,1,1,0,1,1,2,2,0,0,1,0,0,0,2,1,1,0,1,0,1,1,1,1,1,1,1,1,1,1
232,1,1,1,0,0,0,0,0,0,1,0,0,1,0,0,1,0,0,1,0,0,1,1,0,1,0,1,2,1,0,1,1,0,1,0,1,0,0
233,0,1,1,1,0,1,0,2,0,0,1,0,0,0,2,0,0,0,2,0,0,0,2,1,0,0,0,0,1,1,1,1,1,1,1,1,1,1
234,1,1,1,0,0,0,1,0,1,0,1,0,1,0,1,0,0,1,1,0,1,0,0,0,1,1,1,1,1,0,1,0,1,0,0,0,0,0
235,0,1,0,0,1,0,1,0,0,0,0,2,2,2,0,0,0,0,1,0,1,2,0,0,0,1,1,0,1,1,1,0,1,1,1,0,0,0
236,1,2,2,0,1,1,0,0,1,0,1,1,0,0,1,0,0,0,1,0,0,1,0,2,0,0,0,2,0,0,0,0,0,0,0,0,0,0
237,1,0,1,0,1,0,1,0,0,1,1,0,1,0,1,0,0,0,2,0,0,0,1,0,0,0,1,1,1,0,0,0,0,1,0,0,0,0
238,0,0,1,0,0,1,0,2,0,1,0,0,1,1,2,0,0,0,0,0,2,0,1,0,0,0,1,0,1,1,1,1,0,0,1,0,1,1
239,1,2,1,0,1,1,0,1,0,2,1,0,1,1,1,1,0,0,0,1,2,0,0,1,1,1,1,1,0,0,0,0,1,0,0,0,0,0
240,0,1,1,0,0,1,1,1,0,1,0,0,1,1,2,1,0,1,2,1,0,0,2,2,0,0,0,1,1,0,0,0,0,0,0,0,0,1
241,1,0,1,1,0,1,2,1,0,1,0,1,2,1,1,0,0,0,1,0,0,1,1,0,2,0,1,1,1,1,1,1,1,1,1,1,1,1
242,1,1,0,1,0,2,0,0,1,1,0,0,0,0,2,1,0,0,0,0,0,0,1,2,0,1,0,0,1,1,1,1,1,1,1,1,1,1
243,0,1,2,0,1,0,1,1,1,0,0,0,1,0,1,1,0,0,0,1,1,0,0,0,0,0,1,1,0,0,0,0,0,0,0,0,0,0
244,1,0,0,0,0,1,1,0,0,0,0,0,2,1,1,0,1,0,1,1,0,0,0,0,1,0,1,0,0,0,0,0,0,0,0,0,0,0
245,0,1,1,0,0,1,1,2,0,2,0,1,1,0,1,0,0,1,0,0,2,1,2,1,1,0,1,1,0,0,0,0,0,0,0,0,0,0
246,1,0,2,0,1,1,1,0,0,2,0,0,1,0,2,0,0,1,1,0,0,1,1,2,0,0,1,0,1,0,0,0,0,0,1,0,0,0
247,0,1,1,0,0,1,0,1,0,2,1,0,1,1,1,0,0,0,0,0,1,0,0,1,0,2,0,0,0,0,0,0,0,0,0,0,0,0
248,1,1,1,1,0,0,0,1,0,0,1,0,1,1,2,1,1,0,1,0,0,0,0,1,0,2,1,0,1,0,0,1,0,1,0,0,1,0
249,1,0,0,0,0,1,0,0,1,0,0,1,0,0,1,0,1,0,1,0,0,0,2,1,1,1,0,1,1,1,1,0,0,0,1,0,1,1
250,0,2,0,0,0,1,0,1,0,2,0,1,2,1,1,0,0,0,0,0,1,0,2,0,1,0,1,0,1,1,1,1,1,1,1,1,1,1
251,0,1,1,1,1,1,0,0,0,0,0,0,0,0,0,0,0,0,0,0,0,2,0,1,0,2,1,0,0,0,0,0,0,0,0,0,0,0
252,0,1,1,0,0,1,1,1,0,0,0,0,2,0,1,0,0,0,0,0,1,0,0,1,1,0,1,0,1,0,0,0,0,0,0,0,1,0
253,1,1,0,1,1,2,0,0,0,0,0,0,0,0,1,0,0,0,2,0,1,0,2,1,0,0,0,0,0,0,0,0,0,0,0,0,0,0
254,0,1,0,1,0,0,0,0,0,1,2,0,0,0,1,0,1,0,1,0,0,0,1,1,0,0,0,0,0,0,0,0,0,0,0,0,0,0
255,0,1,1,0,0,2,1,1,0,0,0,0,1,1,1,0,0,1,0,0,1,0,1,1,0,0,1,1,1,1,1,1,1,1,1,1,1,1
256,0,2,2,0,0,1,0,0,0,0,0,0,1,1,1,1,0,0,0,1,0,0,1,2,0,1,1,0,0,1,0,1,1,0,0,1,1,0
257,0,1,1,0,0,1,1,1,1,2,0,1,1,1,1,0,0,0,1,0,1,0,0,0,0,1,1,1,1,1,1,1,1,1,1,1,1,1
258,1,0,1,0,0,1,0,1,0,1,0,0,1,1,0,0,0,0,0,1,1,0,2,0,1,0,2,2,0,1,1,0,1,0,1,1,1,1
259,0,0,1,0,0,0,0,0,0,2,1,0,1,2,1,0,0,0,1,0,0,0,0,0,0,0,1,0,0,0,0,0,1,0,0,0,0,0
260,2,1,1,0,1,1,0,0,1,0,0,1,0,2,0,0,0,0,1,1,0,1,2,1,0,1,1,0,0,1,1,1,0,1,0,0,0,0
261,0,0,0,0,0,0,0,1,0,0,0,0,1,0,1,0,0,0,1,0,1,1,1,0,0,1,0,1,1,0,0,0,1,0,0,0,0,0
262,1,1,0,0,0,0,1,2,0,0,0,0,1,1,0,0,0,0,1,0,2,0,1,0,0,0,2,0,0,0,0,0,0,0,0,0,0,0
263,0,0,1,1,0,1,0,0,0,0,0,0,1,1,2,0,1,0,1,1,0,0,1,1,0,1,0,0,0,1,1,1,0,0,0,0,0,0
264,0,0,2,0,0,1,1,1,0,1,0,1,0,0,1,0,0,0,0,0,1,1,1,1,0,0,1,1,0,0,0,0,0,0,0,0,0,0
265,0,0,1,1,0,1,1,0,0,1,0,1,1,0,2,1,0,0,0,1,0,0,1,1,0,1,0,0,0,0,0,0,0,0,0,0,0,0
266,1,0,0,0,0,1,0,1,0,2,0,0,1,0,1,0,0,0,2,1,0,1,2,0,1,1,1,2,1,1,1,1,1,0,1,1,1,1
267,0,1,1,0,0,0,0,1,0,0,0,0,2,0,2,0,0,0,0,0,1,1,1,1,1,1,1,1,0,0,0,0,0,0,0,0,0,0
268,1,1,1,0,0,0,0,1,0,1,0,0,1,1,0,1,0,0,0,1,2,0,0,0,1,1,0,0,1,1,1,1,1,1,1,1,1,1
269,1,0,1,0,0,2,2,1,0,1,0,0,1,0,1,0,0,0,1,0,1,0,0,2,0,0,1,0,0,0,0,0,0,0,0,0,0,0
270,0,0,1,0,0,2,0,2,0,0,1,0,1,1,0,0,0,0,0,0,1,1,0,0,0,1,2,1,1,1,1,1,1,1,0,0,1,1
271,0,1,2,0,0,0,0,2,0,1,0,0,1,1,1,0,0,0,0,0,2,0,1,1,0,1,2,0,0,0,0,0,0,0,0,0,0,0
272,2,1,0,0,0,0,0,1,0,2,1,1,2,2,1,0,0,0,1,0,2,0,1,1,1,1,1,0,0,0,0,0,0,0,0,0,0,0
273,0,0,1,0,0,1,0,1,0,2,0,1,0,0,1,0,0,0,0,0,1,1,1,0,1,1,0,1,1,1,1,1,1,1,1,1,1,1
274,1,1,1,0,1,0,0,1,0,0,1,0,0,0,1,0,0,0,1,2,0,1,1,1,1,0,1,1,0,0,0,0,0,0,0,0,0,0
275,0,0,0,0,0,1,2,2,0,1,1,0,0,1,2,0,0,0,1,1,1,1,1,1,0,0,0,0,1,1,1,1,1,1,1,1,1,1
276,0,2,2,0,0,0,0,1,1,1,0,1,1,1,2,0,0,1,0,0,1,0,1,1,1,0,1,0,1,1,1,1,1,1,1,1,1,1
277,0,1,2,0,0,1,1,1,0,2,0,0,2,1,2,0,0,0,1,0,1,0,1,2,1,1,2,2,0,0,0,0,0,1,0,0,0,1
278,0,0,0,0,1,1,0,1,0,0,1,1,1,1,1,0,1,1,2,0,2,0,1,0,0,0,1,0,0,0,0,0,0,0,0,1,0,0
279,0,1,2,0,0,0,1,1,0,2,0,1,2,0,1,1,1,0,0,1,1,1,1,1,1,1,1,2,0,0,0,0,0,0,0,0,0,0
280,0,1,0,0,0,1,0,0,0,1,0,0,0,2,1,0,0,0,0,0,0,1,0,0,0,0,0,0,1,1,1,1,1,1,1,1,1,1
281,2,1,0,0,0,1,0,0,1,1,0,0,0,1,2,1,0,0,1,0,0,0,1,1,2,1,0,0,0,0,0,0,0,0,0,0,0,0
282,0,1,1,0,0,0,1,1,0,0,1,0,2,0,1,0,0,0,2,0,1,1,0,0,0,1,1,0,0,1,0,0,1,1,0,0,0,0
283,1,1,1,0,0,2,1,0,0,2,2,1,2,1,2,0,1,0,0,0,0,0,0,0,1,0,2,0,1,1,1,1,1,1,1,1,1,1
284,0,0,0,0,1,2,1,0,0,0,0,1,1,1,1,0,0,0,0,0,0,0,1,1,0,1,1,1,1,1,1,1,1,1,1,1,1,1
285,0,0,0,0,1,1,0,2,0,2,0,0,0,0,2,0,0,0,2,0,1,1,2,1,1,0,2,1,1,1,0,1,0,0,1,1,1,1
286,1,2,1,0,0,0,1,1,0,1,0,0,1,2,1,1,1,0,0,0,0,1,2,0,0,1,0,1,1,1,1,1,1,1,1,1,1,1
287,0,0,1,0,0,1,1,1,0,0,0,0,1,0,1,0,0,1,1,1,1,0,0,1,0,0,2,1,0,0,0,0,1,0,0,0,0,0
288,0,1,2,1,0,1,0,0,1,1,0,1,0,2,1,0,0,0,1,0,0,0,1,0,1,0,2,0,0,0,0,0,0,0,0,0,0,0
289,1,2,1,0,0,1,0,1,0,0,0,0,0,1,2,0,0,0,0,1,1,1,1,0,0,0,1,0,0,0,0,0,0,0,0,0,0,0
290,0,0,0,1,0,0,0,0,0,2,0,0,1,1,0,1,0,0,2,0,1,0,1,0,0,1,1,1,0,0,0,0,1,0,0,0,0,0
291,0,1,0,0,0,0,0,0,1,2,0,0,0,1,2,0,0,0,0,0,1,0,0,0,1,0,1,0,1,1,1,1,1,1,1,1,1,1
292,1,2,1,0,0,0,1,1,0,1,0,1,0,0,1,0,1,1,1,1,1,0,1,0,0,1,1,1,0,0,1,0,1,0,0,0,0,1
293,0,0,0,0,0,1,0,1,0,1,0,0,1,2,1,1,0,1,1,1,1,0,1,1,1,0,1,0,0,0,0,0,0,0,0,0,0,0
294,0,1,0,0,0,0,0,0,1,1,0,0,1,1,1,0,0,0,2,0,0,0,1,0,0,0,1,0,0,0,1,0,0,0,0,0,0,0
295,0,0,0,0,1,1,2,1,1,1,0,1,1,0,1,0,0,0,1,0,1,1,0,1,0,1,2,1,1,1,1,1,1,1,1,1,0,1
296,0,2,1,1,1,0,0,2,1,0,0,1,1,1,1,0,0,1,0,0,2,1,0,0,0,1,1,0,0,0,0,0,0,0,0,0,0,0
297,0,1,1,1,0,0,2,1,0,2,0,0,0,0,1,0,0,1,0,0,0,0,1,0,1,0,2,1,0,1,0,1,1,0,0,0,0,0
298,0,2,1,0,0,1,0,1,1,1,0,2,1,1,0,0,0,0,0,0,1,1,1,1,0,1,1,0,1,1,1,1,1,1,1,1,1,1
299,2,1,2,1,0,2,1,0,0,0,0,0,1,0,2,1,0,0,0,0,0,1,0,1,1,1,1,1,0,0,0,0,0,0,0,0,0,0
300,2,0,0,0,0,1,1,0,0,0,0,0,2,1,2,0,1,0,2,0,1,0,1,1,1,0,1,0,0,0,0,0,0,0,0,0,0,0
301,1,2,1,0,0,0,1,0,0,1,0,0,0,1,0,0,0,0,1,0,0,0,1,0,2,0,1,0,1,1,1,1,1,1,1,1,1,1
302,1,1,1,1,1,2,0,1,0,2,0,0,1,0,1,1,0,0,0,0,1,1,2,0,0,1,2,1,1,1,1,1,0,1,1,1,1,1
303,1,1,1,0,0,1,1,0,0,2,0,0,0,1,0,0,0,0,0,1,0,1,0,0,1,0,1,0,1,1,1,1,1,1,1,1,1,1
304,2,2,0,1,0,0,0,0,0,1,0,1,2,1,1,1,0,0,0,2,0,0,0,1,0,0,1,1,0,0,0,0,1,0,0,0,0,0
305,1,1,1,1,0,0,1,1,0,1,2,0,0,1,1,0,0,0,2,1,1,1,2,1,0,1,1,0,1,0,1,0,0,0,0,0,1,1
306,2,0,2,0,0,1,1,1,0,0,0,0,1,2,1,1,0,0,2,0,1,1,2,0,0,0,1,0,1,1,1,1,1,1,1,1,1,1
307,0,0,0,0,1,1,1,1,0,1,1,0,1,0,0,0,0,0,1,1,1,1,1,0,1,1,2,0,1,0,1,0,1,1,1,0,1,0
308,1,1,0,0,0,1,0,1,0,0,0,0,0,1,2,1,0,1,1,0,0,0,1,2,0,1,1,0,1,1,1,1,1,1,0,1,1,0
309,1,0,1,0,0,0,1,0,0,1,0,0,2,0,1,1,0,0,0,1,0,0,0,2,0,1,2,1,1,1,1,1,1,1,0,1,1,1
310,2,0,1,0,0,0,2,2,0,1,0,1,0,0,0,1,1,0,1,0,0,1,0,0,0,0,1,0,0,0,0,0,1,0,0,0,0,0
311,1,2,0,0,0,2,1,0,0,0,0,1,1,1,0,1,0,0,0,0,1,0,1,0,1,0,1,1,1,0,1,1,1,1,1,0,0,1
312,1,2,1,0,0,0,1,1,0,0,0,0,1,2,0,0,0,0,1,0,1,1,1,0,1,1,1,0,0,1,0,1,0,1,1,1,0,0
313,2,1,0,0,0,1,1,1,0,2,1,0,1,1,1,0,1,0,0,0,2,0,0,0,0,2,2,0,0,0,0,0,0,0,1,0,1,0
314,0,1,1,1,0,0,1,1,1,0,0,1,0,1,0,1,1,0,0,0,1,1,1,0,0,1,0,1,1,1,1,1,1,1,1,1,1,1
315,1,0,0,0,2,0,2,1,0,1,1,1,0,0,1,1,0,0,1,0,1,0,0,1,0,1,0,0,1,1,1,1,1,1,1,1,1,1
316,2,1,0,0,0,0,0,2,0,1,0,0,1,1,0,0,0,0,1,0,2,0,1,0,0,1,1,1,0,0,0,1,0,0,1,0,0,1
317,0,0,0,0,0,1,0,0,0,2,1,1,1,0,1,0,0,0,2,0,0,0,0,0,2,0,1,1,0,0,0,0,0,0,0,0,0,0
318,1,0,1,1,0,1,2,0,0,1,1,1,0,2,1,0,0,1,1,1,0,1,2,0,0,0,2,0,1,1,1,1,0,1,1,1,1,1
319,1,1,1,0,1,0,0,1,0,1,1,1,2,2,1,0,0,0,2,0,1,1,1,2,0,0,1,0,0,0,0,0,0,0,0,0,0,0
320,1,1,0,0,0,1,0,2,1,1,1,0,1,0,2,0,0,0,1,0,1,0,0,1,0,0,0,0,1,1,1,1,1,1,1,1,1,1
321,0,1,1,0,0,1,1,0,0,2,0,0,0,1,0,0,0,0,2,0,0,0,1,0,1,1,0,0,1,1,1,1,1,1,1,1,1,1
322,2,1,1,1,0,1,0,1,0,1,0,0,1,0,0,0,1,1,0,0,1,1,1,1,1,0,0,0,0,0,0,0,0,0,0,0,0,0
323,0,0,1,1,0,0,1,0,2,0,0,0,1,0,1,0,1,0,1,0,0,0,0,1,0,1,1,0,1,1,1,1,1,1,1,1,1,1
324,2,1,1,0,0,0,1,1,0,2,0,0,1,1,0,0,0,0,0,0,1,0,1,0,2,0,1,1,0,0,0,0,0,0,0,0,0,0
325,0,0,1,1,0,0,1,0,0,2,0,0,2,1,1,1,0,0,0,1,2,0,1,1,1,1,0,1,0,1,1,0,1,1,1,1,1,1
326,0,1,1,1,0,2,1,1,0,0,0,1,1,2,0,0,0,0,0,0,0,1,1,0,0,1,2,0,1,1,1,1,1,1,1,1,1,1
327,0,1,1,0,0,0,0,2,1,2,0,0,0,2,2,0,0,0,0,0,2,0,1,0,0,0,0,1,1,1,1,1,1,1,1,1,1,1
328,0,1,0,0,0,1,0,0,0,0,0,1,1,1,0,0,0,1,0,0,1,0,0,0,2,2,2,0,0,0,0,0,1,1,1,0,0,0
329,0,1,0,0,0,0,1,1,0,1,0,0,2,1,1,0,0,0,0,2,1,1,1,0,1,1,1,0,1,1,1,1,1,0,0,1,1,1
330,1,2,0,0,0,1,1,0,0,0,1,1,1,1,0,1,0,0,1,0,0,1,0,0,0,1,1,0,0,0,0,0,0,0,0,1,0,0
331,1,0,1,0,0,1,2,1,1,0,0,2,1,0,0,1,0,0,1,0,0,0,1,0,0,1,2,0,1,1,1,1,1,1,1,1,1,1
332,1,1,1,0,0,1,0,0,0,0,1,1,2,0,1,0,0,0,0,0,0,1,1,0,1,1,0,0,0,0,0,0,0,0,0,0,0,0
333,0,0,0,0,1,0,0,1,1,0,0,1,0,2,2,0,0,0,0,2,2,0,1,0,0,0,1,0,1,1,1,1,1,1,1,1,1,1
334,1,1,1,1,0,0,1,1,0,0,1,0,2,0,0,0,0,1,0,1,0,0,1,1,0,0,1,0,0,0,0,0,0,0,0,0,0,0
335,0,0,0,1,0,1,0,1,0,1,0,0,0,1,2,0,0,1,2,1,0,0,1,1,1,0,1,1,0,0,1,0,0,0,0,0,0,0
336,1,2,1,0,1,1,0,0,1,0,0,1,1,0,1,0,0,0,0,0,0,0,1,1,1,1,2,0,1,1,1,1,1,1,1,1,1,1
337,0,2,0,0,0,2,1,0,0,1,0,0,0,1,2,0,1,0,1,0,0,0,2,1,1,1,1,1,0,0,0,1,0,0,0,0,0,0
338,1,0,0,0,1,1,1,0,0,1,1,0,0,1,1,1,1,0,1,0,1,0,1,1,0,1,1,1,0,0,0,0,0,0,0,0,0,0
339,1,0,0,0,0,0,1,0,0,0,0,1,2,0,2,1,0,0,2,0,0,2,1,0,0,2,1,1,1,1,0,1,1,0,1,0,1,1
340,0,1,2,0,1,1,0,0,0,1,0,2,1,0,0,0,0,0,1,0,1,0,0,0,1,0,1,0,1,1,1,1,1,1,1,1,1,1
341,1,0,1,0,0,2,0,2,0,0,0,0,1,1,0,1,0,1,0,0,1,1,0,0,1,0,2,0,1,1,1,1,1,1,1,1,1,1
342,1,0,0,0,0,0,1,1,0,1,0,0,0,1,1,0,1,0,0,0,2,0,1,1,1,0,1,1,1,1,1,1,1,1,1,1,1,1
343,0,0,1,0,0,0,1,0,0,0,0,0,1,1,1,0,0,0,2,0,1,0,1,0,1,0,2,1,0,0,1,0,0,0,0,1,1,1
344,0,1,1,0,0,1,0,1,0,1,0,1,1,1,1,0,0,0,1,0,1,0,2,1,0,0,0,1,1,1,1,1,1,1,1,1,1,1
345,0,0,1,0,0,1,0,0,0,0,1,0,1,0,0,1,0,1,1,0,0,1,2,1,0,1,1,1,0,0,0,0,0,0,0,0,0,0
346,0,1,1,0,0,1,0,1,1,1,1,0,0,1,1,0,0,1,0,0,1,1,1,0,0,0,1,1,0,0,0,0,0,0,0,0,0,0
347,0,2,1,0,1,0,1,1,0,1,0,1,1,0,1,1,0,0,2,0,1,0,0,1,0,0,1,2,1,1,1,1,1,1,0,1,1,1
348,1,0,1,0,0,1,1,0,0,1,1,1,1,2,1,0,0,1,0,1,1,1,2,2,0,1,1,0,0,0,0,0,0,0,0,0,0,0
349,0,1,1,0,0,2,0,0,0,2,0,1,1,1,2,0,0,0,0,0,0,0,2,2,0,0,2,1,1,1,1,1,1,1,1,1,1,1
350,1,0,1,0,0,1,0,0,0,2,0,0,1,0,1,0,0,1,1,0,1,1,1,1,2,2,2,0,1,0,0,1,0,0,1,0,1,0
351,0,1,2,0,0,0,1,0,0,1,0,0,2,1,1,0,1,0,1,0,0,1,2,1,0,1,2,0,0,0,1,1,0,0,0,0,0,0
352,1,1,0,0,1,1,0,1,0,0,0,0,0,0,1,2,0,0,0,0,2,0,0,2,0,1,1,1,0,0,1,0,1,0,0,0,0,0
353,1,0,0,0,1,2,1,2,0,2,0,1,1,0,1,1,1,0,0,0,2,0,1,1,1,0,1,0,1,1,1,1,1,1,1,1,1,1
354,1,2,0,0,0,1,2,1,0,1,0,1,0,1,1,1,0,0,0,0,1,0,1,0,0,2,1,1,0,0,0,1,0,1,1,0,1,1
355,1,0,0,0,0,1,0,1,0,1,1,0,0,1,2,1,0,0,0,1,0,1,1,1,0,0,0,0,1,0,1,1,1,1,1,1,1,1
356,1,0,0,0,0,1,1,0,0,0,0,0,1,0,1,1,0,0,0,0,0,0,2,1,1,1,0,0,1,1,1,1,1,1,1,1,1,1
357,1,0,1,1,0,2,1,1,0,1,1,0,1,1,1,0,0,0,1,0,1,1,2,1,0,2,0,1,1,1,1,1,1,1,1,1,1,1
358,0,1,1,1,0,0,0,0,1,0,0,0,1,1,2,0,0,0,0,0,1,0,0,2,2,1,1,0,0,0,0,0,0,0,0,0,0,0
359,0,0,1,0,0,1,0,0,0,2,0,1,2,2,1,0,0,0,0,0,0,1,0,2,0,0,0,2,0,0,0,0,0,0,0,0,0,0
360,0,1,2,0,0,0,1,2,0,1,1,0,1,1,2,2,0,0,1,0,1,0,1,1,0,0,2,0,0,0,0,0,0,0,0,0,0,0
361,1,0,0,1,0,1,0,1,1,1,1,0,1,1,0,0,0,0,1,1,0,1,1,0,0,0,0,0,0,0,0,0,0,0,0,0,1,1
362,0,1,1,0,0,0,0,1,1,1,1,1,2,0,1,0,0,0,1,0,2,1,2,0,0,0,1,1,1,0,0,1,0,0,0,0,1,0
363,2,0,1,0,1,2,1,1,0,0,0,1,0,0,0,1,1,0,0,0,1,0,0,0,1,1,0,2,0,0,1,0,1,1,1,1,1,1
364,0,0,0,1,0,0,1,1,0,0,0,0,1,0,1,0,0,0,0,0,1,0,0,0,1,1,0,1,0,0,0,0,0,0,0,0,0,0
365,1,0,2,0,0,0,1,1,0,2,0,0,0,1,1,0,1,0,2,0,1,2,1,0,1,0,2,0,0,0,0,0,0,0,0,0,0,0
366,0,0,1,1,1,0,0,2,1,1,1,1,0,1,1,0,0,0,0,0,1,1,1,2,1,0,1,0,1,1,1,1,1,1,1,1,1,1
367,0,1,0,1,0,2,0,0,0,0,0,0,2,1,0,0,1,0,1,0,1,0,1,1,2,0,1,0,1,1,1,1,1,1,1,1,1,1
368,1,0,0,0,0,0,0,0,0,0,1,1,0,2,1,1,0,1,1,0,1,0,1,0,1,1,0,1,1,1,1,1,1,1,1,1,1,1
369,0,0,0,1,0,0,0,0,0,1,1,1,0,1,2,1,0,0,1,1,0,0,0,1,0,0,1,1,1,1,1,0,1,1,0,1,1,1
370,1,2,0,0,1,0,2,0,1,1,1,0,1,0,0,0,0,0,1,0,0,0,1,0,1,0,0,1,1,0,1,0,0,0,0,0,0,0
371,0,1,1,0,1,1,0,1,0,1,1,0,2,0,0,0,0,0,2,0,2,0,2,0,1,0,1,0,0,0,0,0,0,0,0,0,0,0
372,1,1,1,0,0,0,1,2,0,1,0,0,1,2,2,0,1,0,2,1,1,0,1,1,0,1,1,0,0,1,0,0,0,0,0,1,0,0
373,0,0,0,0,2,0,0,1,1,0,1,0,1,1,2,0,0,0,2,0,0,2,1,1,1,0,1,0,1,1,1,1,1,1,1,1,1,1
374,1,1,1,0,0,1,0,2,0,0,0,0,1,1,2,1,0,0,1,0,1,1,1,1,0,1,2,1,0,1,1,1,1,1,1,1,0,1
375,0,1,0,0,1,1,0,1,0,1,1,0,1,1,2,0,1,0,1,0,1,0,1,0,0,1,1,0,0,0,0,0,0,0,0,0,0,0
376,0,2,0,1,1,1,1,1,0,0,0,0,0,0,1,1,0,0,1,0,0,1,1,0,0,0,1,0,0,0,0,0,0,0,0,0,1,0
377,1,1,1,1,1,0,1,2,1,1,0,0,0,0,1,0,1,0,1,1,2,1,1,0,1,0,2,1,1,0,1,1,0,0,1,1,1,1
378,0,0,0,0,0,2,1,0,0,1,0,0,1,1,0,0,0,0,1,0,1,1,1,1,0,0,1,0,1,1,1,1,1,1,0,1,1,1
379,0,0,1,0,1,1,1,2,0,1,0,0,2,0,0,1,0,0,2,1,1,0,0,1,1,0,2,0,0,1,0,0,1,1,1,1,1,1
380,0,2,0,0,0,1,1,1,0,0,0,0,1,1,1,1,1,0,1,0,1,1,1,1,0,0,0,1,1,1,1,1,1,1,1,1,1,1
381,0,1,1,1,0,1,2,0,0,1,1,0,1,1,1,0,0,0,1,0,0,0,0,1,0,2,0,0,1,1,0,0,0,1,0,0,1,0
382,2,0,1,1,0,0,2,2,0,2,0,0,2,2,1,0,0,0,2,0,1,0,0,0,0,0,0,0,0,0,0,0,0,1,0,0,0,0
383,1,0,0,0,1,1,1,1,0,2,0,1,1,1,1,0,0,0,0,0,0,0,0,0,1,1,2,0,1,1,0,1,1,0,0,1,0,1
384,0,1,0,1,0,0,0,0,0,1,0,0,1,1,2,0,0,0,1,0,0,0,0,1,0,1,0,1,0,0,0,0,1,1,0,0,0,0
385,1,1,1,0,1,2,1,0,0,0,0,0,0,0,2,0,0,0,1,0,2,0,1,1,0,0,1,1,1,1,1,0,1,1,1,0,1,1
386,1,2,0,0,0,0,1,1,0,1,0,0,1,2,0,1,0,0,1,0,1,1,1,0,0,0,1,1,1,1,1,1,1,1,1,1,1,1
387,0,0,0,0,1,0,1,1,1,1,0,0,1,1,1,1,1,0,1,1,0,0,1,1,1,1,1,0,1,1,1,1,1,1,1,1,1,1
388,0,1,0,0,0,0,0,0,1,2,0,0,1,1,0,0,1,1,1,0,1,0,0,0,0,1,1,0,0,0,0,0,0,0,0,0,0,0
389,0,1,0,0,0,1,0,0,0,1,0,0,1,0,2,0,1,0,1,1,0,1,0,1,1,1,1,1,0,0,0,0,0,0,0,0,0,0
390,0,2,1,2,0,1,0,2,0,0,0,0,1,2,1,1,0,1,1,1,1,0,1,1,0,1,1,0,0,0,0,0,0,0,0,0,0,0
391,0,2,2,0,0,1,1,0,0,2,0,0,1,0,1,0,0,0,1,1,0,0,0,1,1,0,0,2,0,0,0,0,0,0,0,0,0,0
392,1,2,1,0,0,0,1,0,0,1,0,0,1,1,1,0,0,0,1,1,1,0,0,1,1,0,2,0,0,0,0,0,0,0,0,0,0,0
393,0,1,1,0,0,1,2,0,0,0,1,2,1,1,1,0,0,0,0,0,0,1,1,1,1,1,1,1,0,1,0,1,0,0,1,0,1,1
394,0,1,1,0,0,0,1,0,0,1,0,0,0,1,1,1,0,0,2,1,1,1,1,0,0,0,0,2,0,0,1,0,0,0,0,0,1,0
395,0,0,0,0,0,0,0,1,0,2,0,0,1,0,1,0,0,0,1,0,1,1,2,1,0,0,2,0,0,0,0,0,0,0,0,0,0,0
396,0,0,0,0,0,1,0,1,0,1,0,0,1,2,0,0,0,0,0,0,1,0,1,0,1,0,0,0,1,1,1,1,1,1,1,1,1,1
397,0,0,0,0,1,1,2,0,1,1,1,0,1,1,2,0,0,1,1,0,0,1,0,1,0,0,1,1,0,0,0,0,0,0,0,0,0,0
398,1,1,0,1,2,1,0,0,1,2,0,0,2,1,1,0,0,0,0,0,0,0,1,1,0,0,1,1,1,1,0,1,0,0,0,0,1,0
399,1,1,2,1,0,1,0,1,0,1,0,0,0,0,0,0,0,0,1,0,1,1,0,0,0,0,2,0,0,0,0,0,0,0,0,0,0,0
400,1,1,1,0,0,1,1,0,0,0,0,1,1,0,1,1,1,0,2,0,1,1,2,0,0,1,0,1,0,1,0,1,1,1,1,1,1,1
401,1,1,1,0,1,0,1,1,0,0,0,0,2,1,2,0,0,2,0,0,1,0,2,1,0,0,2,1,1,1,1,1,1,1,1,1,1,1
402,2,1,0,0,0,1,2,1,0,0,0,0,1,2,1,0,0,0,2,0,2,1,2,0,0,1,0,0,0,0,0,0,0,0,0,0,0,0
403,1,1,0,2,0,0,1,1,1,1,0,0,1,0,1,1,0,0,1,1,0,2,0,0,0,2,0,0,0,0,0,0,0,0,0,0,0,0
404,0,2,0,1,1,1,0,0,1,1,0,0,0,0,1,0,0,0,1,1,1,0,1,1,0,1,1,0,0,0,0,0,0,0,0,0,0,0
405,1,2,0,0,0,0,1,1,0,1,0,1,1,1,1,0,1,0,0,0,0,1,1,0,0,0,0,0,1,1,1,1,1,1,1,1,1,0
406,0,1,1,0,0,0,1,1,0,1,0,1,0,1,1,0,1,0,0,1,1,0,0,0,0,0,2,0,0,0,0,0,0,1,0,0,0,0
407,1,1,0,1,0,0,1,0,1,1,0,1,1,0,1,0,0,1,2,1,0,0,2,1,1,0,1,0,1,0,1,1,0,0,1,1,1,1
408,1,0,0,0,0,2,1,1,1,1,0,0,1,1,2,0,0,0,1,0,1,0,1,1,1,0,0,1,1,1,1,0,1,1,1,1,1,1
409,0,1,0,1,1,1,1,0,0,1,0,1,0,1,0,0,0,0,0,0,1,1,2,1,0,0,0,0,1,1,1,1,1,1,1,1,1,1
410,1,0,0,0,1,2,1,2,0,0,1,0,0,0,1,0,0,0,1,0,2,2,1,1,0,0,1,0,1,1,1,1,1,0,1,1,1,1
411,0,1,0,0,1,2,0,1,0,0,1,0,2,1,1,1,0,0,1,0,1,0,0,2,0,0,0,0,0,0,0,1,0,0,0,1,0,0
412,0,0,0,0,0,1,0,1,1,0,0,0,2,1,0,1,0,0,1,0,1,0,2,1,0,0,0,1,1,1,1,1,1,1,1,1,1,1
413,0,0,1,0,0,0,0,0,1,1,0,1,2,0,2,0,0,0,1,1,0,0,1,2,0,0,1,1,1,1,1,1,1,1,1,1,1,1
414,0,1,1,0,0,0,0,2,0,2,0,0,1,0,1,0,0,0,0,0,2,1,2,0,0,2,0,0,1,1,1,1,1,1,1,1,1,1
415,0,1,0,0,0,0,1,1,0,0,0,0,1,2,1,0,1,0,1,0,1,0,2,0,0,1,2,0,0,0,0,0,0,0,0,0,0,0
416,1,1,1,0,0,1,1,1,0,1,0,0,2,0,1,0,0,1,1,0,0,0,0,1,0,1,0,0,0,0,0,0,0,0,0,0,0,0
417,0,2,0,1,1,1,1,1,0,0,0,0,1,2,2,0,0,1,0,0,1,1,0,1,0,2,1,1,0,0,0,0,0,0,0,0,0,0
418,0,0,0,1,0,1,1,1,0,0,0,0,0,0,1,0,1,0,0,0,0,0,1,1,0,0,0,1,0,1,1,0,0,1,1,1,1,1
419,1,2,0,0,0,1,1,0,1,1,2,0,1,0,1,1,1,1,0,1,1,0,0,1,2,2,2,1,0,0,0,0,0,0,0,0,0,0
420,1,1,0,0,0,1,0,0,0,0,0,0,1,0,1,1,0,0,0,0,0,1,2,1,0,2,0,1,1,1,1,1,0,1,1,1,0,1
421,1,1,1,0,0,0,0,0,1,1,0,0,1,0,0,0,2,0,2,0,0,0,1,0,1,0,1,0,1,1,1,1,1,1,1,1,1,1
422,0,0,0,0,0,0,2,0,0,0,0,0,1,0,2,0,0,0,0,0,1,0,1,1,1,1,1,1,1,1,1,1,1,1,1,1,1,1
423,2,0,0,1,1,0,0,1,0,1,1,1,0,0,0,0,1,1,2,1,1,0,1,0,1,0,1,1,0,0,0,0,0,0,0,0,0,0
424,1,0,0,1,0,0,1,0,0,0,0,0,0,2,1,0,0,0,1,1,0,0,0,1,0,0,2,1,0,0,0,1,1,0,0,1,0,1
425,1,1,0,1,1,1,1,2,0,1,0,0,1,2,1,0,1,0,1,1,2,0,0,1,0,2,1,0,0,0,1,0,1,0,0,0,0,0
426,0,0,1,0,0,1,0,1,0,0,1,0,0,0,1,0,0,0,1,0,0,1,2,1,0,1,1,0,1,1,1,1,1,1,1,1,1,1
427,1,0,1,0,0,0,1,1,1,0,0,1,0,1,1,0,0,0,2,0,0,1,1,0,0,0,1,1,0,0,0,0,0,0,0,0,0,0
428,0,1,0,0,0,0,0,1,0,1,0,0,1,0,0,0,0,0,1,0,1,1,1,1,0,0,2,1,0,0,0,0,0,0,0,0,0,0
429,2,0,1,0,0,1,1,0,0,1,0,1,0,1,2,2,0,0,0,1,0,1,1,1,1,1,1,1,0,0,0,1,0,0,0,1,1,0
430,0,1,1,0,0,1,1,0,0,1,0,1,0,0,1,0,0,0,1,0,0,0,0,2,0,1,1,2,1,1,1,1,1,1,1,1,1,1
431,1,1,0,0,1,1,1,1,0,0,1,0,1,1,1,1,0,1,1,0,1,1,0,1,0,1,1,1,0,0,0,0,0,0,0,0,0,0
432,1,1,0,0,0,1,0,0,0,1,0,0,0,1,0,0,0,0,0,0,1,0,0,1,0,1,1,0,0,0,0,0,0,0,0,0,0,0
433,1,1,1,0,0,2,0,0,1,1,0,1,1,1,1,0,0,1,1,0,0,0,0,1,0,0,1,1,1,1,1,1,1,1,1,1,1,1
434,2,1,1,0,0,1,1,1,2,0,1,1,2,0,1,1,0,0,1,0,1,0,1,2,0,0,1,1,0,0,0,0,0,0,0,0,0,0
435,0,0,0,0,0,0,0,1,1,1,0,1,1,2,1,1,1,0,0,0,1,0,1,2,1,1,1,0,1,0,1,1,1,1,1,1,0,1
436,0,0,0,0,0,1,0,1,1,2,0,1,2,2,2,2,2,0,1,1,1,1,2,0,0,1,1,0,1,1,1,1,1,1,1,1,1,1
437,0,0,0,1,0,1,1,0,1,2,0,0,2,0,1,0,0,0,2,0,0,1,1,0,0,1,0,2,1,1,1,1,1,1,1,1,1,1
438,1,2,1,0,0,0,1,1,0,0,0,0,2,0,2,0,0,0,2,0,2,0,1,1,0,1,2,0,0,0,0,0,0,0,0,0,0,0
439,0,1,1,0,0,0,0,0,0,1,0,0,1,1,0,1,0,0,0,0,1,1,0,0,0,1,1,0,1,1,1,1,1,1,1,1,1,1
440,0,2,1,1,0,1,1,0,0,0,0,0,1,2,2,0,0,0,1,1,0,1,0,1,0,0,1,0,1,1,1,1,1,1,1,1,1,1
441,0,2,0,1,0,0,0,0,0,2,0,0,0,2,2,0,0,0,1,0,0,0,0,2,0,0,0,0,1,0,1,0,1,1,0,0,0,0
442,1,0,0,1,0,1,0,0,0,1,0,0,1,0,0,1,0,0,1,0,0,0,1,0,0,1,1,1,1,1,1,1,1,1,1,1,1,1
443,1,0,0,0,1,1,1,1,0,1,0,0,1,2,1,0,0,0,0,0,2,0,0,0,0,1,0,1,1,1,1,1,1,1,1,1,1,1
444,0,0,1,0,1,0,1,0,0,1,0,0,1,0,0,1,0,0,1,0,1,0,0,1,1,0,1,0,1,1,1,1,1,1,0,1,1,1
445,2,1,2,0,0,0,1,2,1,2,1,0,0,0,1,1,0,0,1,0,2,0,0,0,1,0,2,1,0,0,0,0,0,0,0,0,0,0
446,2,1,0,0,0,1,0,0,0,1,0,0,1,1,1,1,0,0,0,0,0,0,0,1,0,1,1,1,0,0,1,1,1,1,1,1,1,1
447,0,0,1,0,1,1,1,1,0,1,0,0,1,0,1,0,0,0,1,1,0,0,1,1,0,0,1,0,0,0,0,0,0,0,0,0,0,0
448,0,0,1,0,0,0,1,2,0,1,0,1,1,0,1,0,0,0,1,0,1,2,0,1,0,1,1,1,1,0,1,0,1,1,1,1,0,1
449,0,1,0,1,0,0,0,1,0,2,0,2,0,1,1,1,0,0,0,1,1,0,0,0,1,1,2,0,0,1,1,0,1,1,1,1,1,1
450,0,0,0,0,0,1,0,1,0,1,0,1,1,2,1,0,0,0,1,0,1,0,1,1,0,0,0,0,1,1,1,1,1,1,1,1,1,1
451,1,2,1,1,0,0,1,1,0,1,1,0,1,0,0,0,1,0,1,0,1,1,2,0,0,0,0,0,1,0,0,0,0,0,1,0,1,1
452,1,0,0,1,0,1,1,2,0,0,0,0,2,0,1,0,0,0,0,1,1,0,1,1,0,0,1,0,1,0,0,1,0,1,0,0,0,0
453,1,0,2,0,0,1,1,0,2,1,0,0,2,1,1,1,1,0,1,0,0,0,0,0,2,1,0,1,0,1,1,1,1,1,1,1,1,1
454,1,0,0,0,0,0,0,1,0,1,0,0,1,0,0,1,1,0,1,1,0,0,2,0,1,0,1,2,0,0,0,0,0,0,0,0,1,1
455,0,1,0,1,0,2,0,0,0,1,0,0,2,1,0,0,1,1,1,0,0,1,0,1,0,0,2,0,1,1,1,1,1,1,1,1,1,1
456,0,2,1,0,0,1,1,1,0,1,1,1,1,1,2,0,0,0,1,0,1,1,0,2,0,0,1,0,1,1,1,1,1,1,1,1,1,1
457,1,2,1,0,0,1,1,0,0,2,0,0,1,0,1,1,0,0,0,0,1,0,0,1,1,1,2,0,1,1,0,1,1,1,1,0,1,0
458,0,1,0,0,0,2,1,1,0,1,0,0,1,1,1,0,0,0,0,1,1,0,0,2,1,2,0,0,0,0,0,0,0,0,0,0,0,0
459,1,0,0,0,0,1,1,0,0,2,0,0,2,1,1,0,1,0,0,0,1,1,2,0,0,1,1,0,1,1,1,1,1,1,1,1,1,1
460,0,1,0,0,0,2,1,0,0,0,1,0,1,0,2,1,1,1,0,1,0,0,1,1,0,0,0,0,1,1,1,1,1,0,1,1,1,1
461,1,1,1,0,0,0,0,0,0,1,1,1,2,0,1,1,1,0,2,1,0,1,1,1,1,1,0,0,0,0,0,0,0,0,1,0,0,0
462,2,1,1,0,0,1,1,1,0,1,1,1,0,1,1,0,0,1,1,1,2,0,1,1,0,2,1,1,0,0,0,0,0,0,0,0,0,0
463,0,0,0,0,0,0,0,1,0,0,0,0,1,0,1,0,0,0,1,1,1,0,1,1,0,0,1,0,0,0,0,0,0,0,0,0,0,0
464,0,2,0,0,1,1,0,1,0,1,1,0,1,0,1,0,0,0,1,0,0,0,1,0,1,1,1,1,1,1,1,1,1,1,1,1,1,1
465,1,1,2,0,0,1,0,0,0,0,0,0,1,1,1,0,0,0,0,1,0,0,0,0,1,1,1,1,0,0,0,0,0,0,0,0,0,0
466,1,0,1,1,0,0,1,1,0,1,0,0,0,0,1,1,0,0,0,0,0,0,1,0,0,0,1,0,1,1,1,1,1,1,1,1,1,1
467,1,0,1,0,1,2,0,1,0,2,0,0,2,2,2,0,0,0,1,1,0,0,1,0,0,0,1,0,1,1,1,1,1,1,1,1,1,1
468,1,2,0,1,0,0,1,1,0,1,0,0,1,0,1,0,0,1,1,0,0,1,0,0,1,0,1,1,1,1,0,1,1,1,1,1,1,1
469,1,0,1,0,0,1,0,1,0,2,0,0,2,1,0,1,0,0,1,0,2,0,2,0,0,0,0,1,1,1,1,1,1,1,1,1,1,1
470,2,2,0,0,1,0,1,0,0,0,0,1,1,1,0,0,1,0,1,0,1,1,1,0,1,1,0,1,1,1,1,1,1,1,1,1,1,1
471,1,1,1,0,0,0,1,1,0,1,0,0,0,0,2,0,0,0,1,0,1,0,0,1,0,1,0,0,0,0,0,0,0,0,0,0,0,0
472,1,1,1,1,1,0,0,0,0,1,0,1,2,0,0,0,0,0,1,0,1,0,1,0,1,2,1,0,0,0,0,0,0,0,0,0,0,0
473,2,1,0,0,0,0,1,1,0,0,0,0,2,1,2,1,0,0,1,0,0,0,1,1,0,0,1,0,0,0,0,0,0,0,0,0,0,0
474,0,1,1,1,0,1,0,0,1,1,0,0,0,2,1,1,0,0,0,2,0,0,1,0,1,0,2,0,0,0,0,0,0,0,0,0,0,0
475,0,1,1,0,0,0,0,0,0,1,0,0,1,0,1,1,0,0,1,0,0,0,0,0,0,1,1,0,0,0,0,0,0,0,0,0,0,0
476,1,1,1,1,0,2,1,0,1,0,0,0,0,1,1,0,0,0,2,0,0,0,1,1,0,0,2,0,0,1,0,1,1,0,1,0,0,0
477,0,1,1,1,1,1,0,2,0,1,1,0,1,1,1,0,1,0,1,0,1,0,1,1,0,1,1,0,0,0,0,0,0,0,0,0,0,0
478,0,1,2,0,0,0,1,1,1,0,0,0,1,1,1,0,0,0,0,0,1,0,0,0,0,1,1,0,0,0,0,0,0,0,0,0,0,0
479,0,1,1,0,1,0,0,1,0,1,1,0,2,1,2,0,0,1,1,0,1,0,1,1,1,1,0,0,0,1,1,1,0,1,1,0,0,1
480,1,0,0,0,0,0,0,0,0,1,0,1,1,0,1,0,0,0,1,0,1,1,1,0,0,0,2,1,1,1,1,0,1,1,1,1,1,1
481,0,0,1,0,0,0,1,0,0,1,1,1,2,1,1,1,0,0,0,0,2,0,2,1,0,0,1,1,1,1,1,1,1,1,1,1,1,1
482,0,2,1,2,0,1,0,1,0,1,0,0,1,0,1,0,0,0,1,1,2,0,2,1,0,0,1,0,0,1,0,0,0,0,0,0,0,1
483,0,2,0,0,0,0,1,1,0,0,0,1,1,0,2,1,0,0,1,0,1,0,2,1,0,1,1,0,0,0,0,0,0,0,0,0,0,0
484,2,2,0,0,0,1,0,1,1,0,0,0,1,1,1,1,0,1,1,0,0,0,1,0,1,0,1,1,1,1,1,0,1,1,1,0,1,1
485,1,0,1,1,0,1,0,1,0,1,1,2,1,0,1,0,0,1,0,0,1,0,2,1,0,1,1,0,0,0,0,0,0,0,0,0,0,0
486,0,0,2,0,0,2,1,0,0,0,0,0,0,0,1,0,0,0,2,0,0,0,2,1,0,0,1,0,0,0,0,0,0,0,0,0,0,0
487,1,0,1,0,0,0,1,0,0,0,0,0,2,2,2,1,0,1,2,0,0,1,1,0,1,0,1,1,1,1,1,1,1,1,1,1,1,1
488,0,1,1,0,1,1,0,1,0,1,0,0,1,1,1,1,0,0,1,0,0,0,0,1,2,0,2,0,0,0,0,0,0,0,0,0,0,0
489,1,2,1,0,0,1,0,0,0,0,0,1,1,1,0,0,0,0,0,0,0,0,1,0,1,1,0,1,1,1,1,1,1,1,1,1,1,1
490,0,1,1,0,0,0,2,2,0,1,0,0,0,1,1,0,0,0,1,0,2,1,1,1,0,0,1,1,0,1,0,0,0,0,0,0,0,0
491,0,2,1,0,1,2,0,0,0,0,0,0,0,2,2,0,0,0,0,0,1,0,0,2,0,1,1,0,1,1,1,1,1,1,1,1,0,1
492,1,0,0,0,1,1,0,2,0,1,1,0,1,1,2,0,2,0,1,0,2,0,1,1,0,0,0,0,1,1,1,1,1,1,1,1,1,1
493,1,0,1,0,0,1,0,0,1,0,0,0,1,0,0,1,0,1,2,1,0,0,1,0,2,1,2,0,0,0,0,0,0,0,0,0,0,0
494,0,0,1,0,0,1,0,0,0,1,1,0,0,1,2,1,0,1,0,0,0,0,0,1,0,0,2,0,0,1,1,1,1,1,1,1,1,1
495,2,1,2,1,0,0,1,1,0,2,1,0,1,0,0,1,0,0,1,0,0,0,0,0,0,0,1,1,0,0,0,0,0,0,0,0,0,0
496,0,1,1,0,0,0,0,1,0,0,0,0,1,0,1,0,0,1,0,0,1,1,0,1,0,1,2,0,1,1,1,1,1,1,1,1,1,1
497,1,1,1,0,0,1,0,1,0,0,0,1,1,0,2,0,0,0,1,0,1,0,0,1,0,1,1,0,0,0,0,0,0,0,0,0,0,0
498,1,0,0,0,0,0,0,0,0,0,0,0,2,2,1,0,0,0,0,0,0,0,1,1,0,1,1,1,1,1,1,1,1,1,1,1,1,1
499,1,2,1,1,1,0,0,0,0,2,0,1,0,0,1,0,1,0,1,0,0,2,1,1,0,0,1,0,0,0,0,0,0,0,0,0,0,0
500,1,1,0,1,0,0,0,1,1,1,0,0,2,0,0,0,1,0,0,1,1,0,2,0,0,0,0,1,1,1,1,1,1,1,1,1,1,1
501,1,1,0,1,0,2,0,0,2,2,0,1,0,1,0,0,0,0,0,0,0,0,2,0,2,0,0,1,1,1,1,1,1,1,1,1,1,1
502,1,0,1,0,0,1,0,0,0,1,0,1,1,1,1,0,0,0,0,0,0,0,1,1,0,1,1,0,1,1,1,1,1,1,1,1,1,1
503,1,0,1,1,0,0,0,1,0,1,0,0,2,0,1,0,0,0,0,1,1,0,0,1,0,1,0,0,0,0,0,0,0,0,0,0,0,0
504,1,0,0,0,0,1,1,1,0,2,0,0,2,0,1,0,0,0,0,0,0,0,0,1,0,0,1,1,0,0,0,0,0,0,0,0,0,0
505,0,1,1,0,0,1,1,1,0,1,0,0,0,0,0,1,1,0,1,0,0,1,2,0,0,0,0,0,1,1,1,0,0,0,1,0,0,1
506,1,1,1,0,1,0,1,0,0,0,0,0,1,0,1,0,0,0,0,0,0,0,2,1,1,1,0,0,0,0,0,0,0,0,0,0,0,0
507,1,2,1,0,0,1,1,0,0,0,0,1,2,0,0,1,0,0,1,0,0,1,2,2,0,1,0,0,1,1,1,1,1,1,1,1,1,1
508,2,0,1,0,0,1,0,0,1,1,1,0,1,0,2,0,0,0,1,0,1,0,1,0,0,1,1,1,0,0,0,0,0,0,0,0,0,0
509,0,0,0,0,0,0,0,0,0,0,1,1,0,1,1,0,0,1,1,1,0,1,1,1,0,0,0,1,1,1,1,1,1,1,1,1,1,1
510,1,1,1,0,0,1,0,2,0,1,0,1,0,1,2,0,0,1,1,0,1,0,1,2,1,0,1,1,1,1,1,1,1,1,1,1,1,1
511,0,1,0,0,0,0,0,1,0,1,0,0,1,1,0,0,1,0,1,1,1,1,0,0,0,0,1,0,0,1,0,0,0,0,0,0,0,1
512,0,0,1,1,0,1,1,1,0,1,0,0,1,0,2,0,0,0,2,1,0,0,0,1,0,1,2,0,0,0,0,1,0,1,0,1,0,0
513,0,2,0,0,1,0,0,1,0,1,0,0,1,1,1,1,0,0,0,0,1,1,0,1,0,0,0,0,1,1,1,1,1,1,1,1,1,1
514,0,1,1,0,0,0,0,1,0,1,1,0,1,1,1,0,0,0,2,0,0,0,0,1,1,1,0,1,0,0,0,0,0,0,0,0,0,0
515,0,0,1,1,1,1,1,0,0,1,0,0,1,0,1,0,0,1,1,0,0,0,0,2,0,1,1,0,0,0,0,0,0,0,0,0,0,0
516,0,1,0,0,0,2,0,1,0,0,0,1,1,2,0,1,0,0,1,1,0,0,0,0,0,1,1,0,0,0,0,0,0,0,0,0,0,0
517,1,0,1,0,1,1,0,1,0,1,0,0,1,0,1,0,0,0,0,0,1,0,0,2,0,0,0,1,1,1,1,1,1,1,1,1,1,1
518,2,1,1,0,0,1,0,1,0,0,0,0,1,1,1,0,0,0,1,0,1,0,0,0,0,2,0,0,0,0,0,0,0,0,0,0,0,0
519,1,2,1,0,0,0,1,1,0,1,0,0,1,1,1,0,0,0,2,0,1,0,2,1,0,0,1,0,1,1,1,1,1,1,1,1,1,1
520,0,0,1,0,0,2,0,0,0,1,0,1,1,0,2,1,1,0,0,1,0,1,1,0,0,0,0,2,1,1,1,1,1,1,1,1,1,1
521,1,0,0,0,0,2,1,1,0,2,0,0,1,0,2,0,0,1,0,1,1,1,0,1,0,2,1,0,0,0,0,0,0,0,0,0,0,0
522,0,0,1,0,2,1,1,0,0,1,0,1,2,2,0,0,0,1,0,0,0,1,1,0,1,0,2,0,1,1,1,1,1,1,1,1,1,1
523,0,1,0,0,1,0,1,0,0,1,0,0,1,1,2,0,0,0,0,0,0,0,1,1,1,2,1,1,0,0,0,0,0,0,0,0,0,0
524,1,2,2,0,0,1,0,1,0,0,0,0,2,1,1,0,0,0,1,0,2,1,1,0,1,1,1,0,1,1,0,0,1,0,1,1,0,0
525,0,0,1,1,0,2,0,0,0,2,1,0,1,0,2,0,0,0,0,0,1,0,0,0,0,0,1,0,0,0,0,0,0,0,0,0,0,0
526,0,1,1,0,0,0,0,1,0,2,0,1,1,0,0,0,0,1,1,0,1,1,1,2,1,1,1,1,0,0,0,0,0,0,0,1,0,1
527,0,0,1,0,0,0,0,1,0,1,0,1,0,1,0,0,1,2,1,0,1,0,2,1,1,0,1,0,1,1,1,1,1,1,1,1,1,1
528,1,1,0,0,0,1,0,0,0,0,1,0,1,2,1,0,0,0,0,0,0,1,2,2,0,0,2,1,1,1,1,1,1,1,1,1,1,1
529,1,0,0,0,1,0,0,0,0,1,0,1,2,1,0,0,0,0,2,0,0,1,2,1,0,0,1,0,0,0,0,0,0,0,0,0,0,0
530,2,0,1,0,0,0,0,1,0,2,0,1,1,1,0,1,0,1,2,0,1,0,1,0,1,1,0,1,1,1,0,0,0,0,1,1,1,1
531,1,1,1,0,0,1,0,2,1,1,0,1,1,1,1,0,1,0,0,0,1,0,0,0,1,0,0,1,1,1,1,1,1,1,1,1,1,1
532,0,0,1,0,1,0,1,0,0,0,0,0,1,1,1,1,1,2,1,0,0,1,1,0,1,0,1,1,0,0,0,0,0,0,0,1,0,0
533,0,1,0,0,0,1,2,0,0,2,0,0,0,1,0,1,0,0,0,0,1,1,0,0,2,0,1,0,1,1,1,1,1,1,1,0,0,0
534,1,1,2,0,0,0,0,0,1,0,0,0,1,0,1,0,0,0,1,0,0,0,1,0,0,0,0,1,0,0,0,0,0,0,0,0,0,0
535,0,1,1,0,1,1,0,0,0,1,0,0,2,1,0,0,0,0,1,1,0,0,1,0,1,1,0,1,1,1,1,1,1,1,1,1,1,1
536,0,0,0,0,0,0,0,1,1,1,0,0,1,1,0,1,0,0,1,0,0,0,0,1,0,0,1,0,0,1,0,0,1,1,0,0,0,0
537,0,1,1,1,0,1,0,2,0,1,0,0,1,1,0,0,0,1,2,0,0,1,2,0,0,0,0,0,0,0,0,0,0,0,0,0,0,0
538,0,2,0,1,0,1,0,0,0,1,0,0,2,1,2,0,0,0,1,1,2,1,0,1,1,0,1,0,0,0,0,1,1,0,0,0,0,1
539,1,1,1,0,0,1,0,0,1,1,1,1,2,1,1,1,0,0,1,0,0,1,1,1,0,1,1,1,0,0,0,1,1,1,1,1,0,1
540,1,2,0,0,0,2,0,0,0,2,0,0,0,0,1,0,0,0,1,1,1,0,0,1,1,0,0,0,0,1,0,0,0,0,0,0,0,0
541,0,1,1,0,0,0,0,0,0,2,1,1,0,0,1,1,1,1,0,0,0,1,0,1,0,0,1,0,1,1,1,1,1,1,1,1,1,1
542,0,0,1,0,0,0,0,2,0,1,0,1,2,0,0,1,0,0,2,1,1,0,0,0,0,0,1,0,1,0,1,0,1,0,1,0,0,1
543,1,0,0,2,0,1,1,2,0,0,0,1,1,0,2,0,0,0,1,0,2,2,0,1,0,2,2,0,0,0,0,0,0,0,0,0,0,0
544,2,1,0,0,0,1,0,0,2,1,0,0,1,1,1,0,0,0,1,1,0,0,1,1,0,0,1,0,0,1,1,1,0,1,1,1,0,1
545,1,0,2,0,0,0,0,0,1,1,1,1,1,2,1,0,0,0,0,2,0,1,0,1,0,0,0,0,0,0,0,0,1,1,0,0,0,0
546,1,1,1,0,0,0,1,2,0,0,2,0,1,2,2,1,1,0,1,1,2,0,1,1,0,1,0,1,0,0,0,0,0,0,0,0,0,0
547,0,1,0,0,1,1,0,1,0,1,0,0,2,0,1,1,0,0,1,0,0,1,1,0,0,0,1,0,1,1,1,1,1,1,1,1,1,1
548,1,1,0,0,1,1,0,1,0,1,0,1,1,0,0,0,0,0,0,0,1,0,1,0,1,2,0,0,0,1,1,0,0,0,0,0,1,1
549,1,1,2,1,0,1,2,0,0,1,0,0,2,1,0,1,1,0,2,1,0,0,0,1,1,1,0,0,0,0,0,0,0,0,0,0,0,0
550,0,1,0,0,1,2,0,1,0,0,1,2,2,1,2,0,0,0,0,0,2,0,1,2,0,2,0,0,0,0,0,1,0,0,0,0,0,0
551,0,1,1,2,0,0,1,0,1,1,0,0,0,0,0,0,0,0,0,1,1,0,1,1,0,2,0,1,0,0,0,0,0,0,0,0,0,0
552,0,0,0,0,0,1,0,2,0,2,0,0,1,0,0,0,0,0,1,0,1,0,1,0,1,1,1,0,1,0,0,1,1,0,1,0,1,1
553,0,1,1,0,0,1,0,0,0,0,0,1,0,0,2,1,0,0,0,0,0,2,1,1,1,0,1,0,1,1,1,1,0,0,1,1,1,1
554,0,1,1,2,1,2,0,0,0,1,0,1,1,1,0,0,0,0,0,0,0,1,2,0,0,1,0,0,0,1,0,0,1,0,1,0,0,0
555,0,0,0,0,0,0,1,0,0,1,0,0,2,1,0,0,0,0,0,1,0,0,1,2,0,1,0,1,1,1,1,1,1,1,1,1,1,1
556,1,0,1,0,0,0,1,1,0,0,0,0,2,0,1,1,1,0,1,0,1,0,2,0,1,1,1,1,1,1,1,1,1,1,1,1,1,1
557,2,0,0,1,0,1,0,0,1,1,0,0,1,0,0,0,0,0,0,0,1,0,1,0,1,2,1,0,0,1,1,1,0,0,1,0,0,1
558,1,0,0,0,0,0,1,0,1,2,0,0,0,2,1,1,0,0,1,0,2,1,2,2,0,1,0,1,0,0,1,1,1,0,1,1,1,1
559,0,1,0,0,0,1,1,0,0,1,0,1,1,0,1,0,1,1,2,0,0,0,0,1,0,1,1,1,0,0,0,0,0,0,0,0,0,0
560,0,1,1,1,1,2,0,0,0,0,0,0,1,1,0,0,1,0,0,0,0,0,1,0,2,1,1,0,0,0,0,0,0,0,0,1,0,0
561,0,1,1,0,1,0,1,0,0,0,0,1,1,0,0,0,0,1,1,0,0,1,1,0,0,1,2,0,1,1,1,0,0,0,1,0,1,1
562,1,0,0,1,1,1,0,1,0,1,2,0,2,1,1,0,0,0,0,1,1,1,2,1,1,2,0,0,1,1,1,1,1,1,1,1,1,1
563,0,1,1,0,0,1,0,0,0,2,0,0,1,1,1,0,0,0,2,1,0,2,2,0,0,1,2,1,1,1,0,0,0,0,1,1,1,1
564,1,2,1,0,0,2,0,0,0,0,1,0,2,0,1,0,0,0,2,0,1,0,1,1,0,0,0,1,1,1,1,1,1,1,1,1,1,1
565,1,0,1,0,0,2,0,0,0,0,1,0,1,0,0,0,0,0,1,0,0,1,1,0,1,1,2,1,1,1,1,1,1,1,1,1,1,1
566,1,0,0,0,1,1,0,1,0,0,0,0,1,0,2,0,0,0,1,0,1,0,1,1,1,1,0,0,1,1,1,1,1,1,1,1,1,1
567,0,0,0,0,1,2,1,0,0,1,1,0,1,1,1,0,1,2,1,0,0,0,2,0,1,0,0,0,1,1,1,1,1,1,1,1,0,1
568,0,0,2,0,0,1,1,2,1,0,1,1,0,0,1,0,0,0,1,1,2,1,2,0,0,1,0,0,1,0,0,1,0,0,1,0,1,0
569,1,0,0,0,0,0,0,0,0,1,1,1,1,2,1,0,0,0,2,0,0,0,1,1,0,0,1,0,0,0,0,1,0,0,0,0,0,0
570,1,1,1,0,0,1,0,0,1,2,0,1,1,2,1,0,0,0,1,0,0,0,2,1,0,0,1,1,1,1,1,1,0,1,1,1,1,1
571,1,0,1,0,0,1,0,1,0,1,0,0,0,0,2,1,0,0,0,0,0,0,1,0,0,0,0,0,1,1,1,1,1,1,1,1,1,1
572,0,0,1,0,0,1,2,0,0,0,0,0,1,1,1,0,0,0,0,0,1,0,1,1,1,1,1,0,1,1,1,1,1,0,1,1,1,1
573,0,0,2,0,1,2,1,1,0,0,0,0,1,1,1,0,0,0,2,0,1,1,1,1,0,0,0,1,0,0,0,0,0,0,0,0,0,0
574,0,0,0,0,0,2,1,0,0,1,0,0,1,0,1,1,0,0,1,1,0,0,0,0,1,0,0,1,1,1,1,1,1,1,1,1,1,1
575,1,1,1,0,0,0,0,0,0,1,1,0,1,1,1,0,0,0,1,0,0,0,1,0,0,2,0,0,0,0,0,0,0,0,0,0,0,0
576,0,1,1,0,0,1,2,1,1,2,1,0,1,0,2,0,0,0,2,1,1,1,0,2,0,1,0,0,0,0,0,0,0,0,0,0,0,0
577,2,1,0,2,0,0,2,1,0,1,1,0,2,0,0,1,0,0,0,1,1,0,1,0,1,1,1,1,0,0,0,0,0,0,0,0,0,0
578,0,1,0,0,0,0,1,1,0,0,1,0,1,0,2,1,1,0,1,1,0,0,0,2,0,1,2,1,0,0,0,0,0,0,0,0,0,0
579,1,1,0,0,0,0,0,1,1,1,0,1,1,2,2,0,0,0,1,0,0,0,1,0,1,0,1,1,0,0,0,0,0,0,0,0,0,0
580,0,2,1,1,0,1,0,1,0,0,1,0,0,0,1,0,1,0,1,0,1,0,2,1,1,0,1,0,1,1,1,0,1,1,1,1,1,1
581,1,1,1,1,0,1,0,0,0,1,0,2,1,0,0,1,0,0,0,1,1,1,2,0,0,0,0,0,1,1,1,1,1,1,1,1,1,1
582,0,0,1,0,0,0,0,0,0,0,1,0,1,0,2,2,1,0,1,0,2,0,0,2,0,0,1,1,0,0,0,0,0,0,0,0,0,0
583,1,1,0,1,0,0,0,1,1,0,0,0,1,0,1,0,0,1,0,0,1,0,1,1,0,1,1,1,0,0,0,0,0,0,0,0,0,0
584,0,1,0,0,0,1,1,0,0,1,0,1,2,1,2,0,1,0,0,0,0,2,1,0,1,1,2,0,1,1,1,1,1,1,1,0,0,1
585,2,0,1,0,1,2,1,0,1,2,0,1,0,1,1,0,0,1,0,2,0,0,1,1,1,1,2,1,0,0,0,0,0,0,0,0,0,0
586,1,0,1,0,0,0,1,0,0,0,0,0,1,1,1,0,0,0,1,0,0,1,2,0,1,1,2,1,1,1,1,1,1,1,1,1,1,1
587,0,1,0,0,0,2,0,1,0,1,0,0,0,1,1,0,0,0,1,0,1,1,1,0,1,1,2,1,1,1,1,1,1,1,1,1,1,1
588,0,2,1,0,0,1,0,0,0,0,0,0,1,0,1,1,1,0,1,0,0,0,0,1,0,1,0,1,1,1,0,0,1,1,0,0,0,1
589,1,1,1,0,1,0,0,1,0,1,1,0,2,2,1,0,1,0,1,0,1,0,1,1,0,0,1,0,0,0,0,0,0,0,0,0,0,0
590,1,1,1,1,0,1,0,1,1,1,0,0,0,0,1,0,0,1,0,0,1,0,0,0,0,0,1,0,0,0,0,0,0,1,0,1,0,0
591,1,1,1,0,0,1,0,1,1,1,0,1,2,1,1,1,0,0,1,0,1,0,0,1,1,1,0,0,1,1,1,1,1,1,1,1,1,1
592,0,1,1,0,0,0,0,2,0,0,1,0,1,0,0,0,0,0,1,0,1,0,2,0,0,1,1,0,0,0,0,0,0,0,0,0,0,0
593,0,0,0,0,0,2,0,0,0,0,0,0,2,0,1,0,0,0,1,0,0,1,0,1,0,0,0,0,0,1,0,1,1,1,1,1,1,1
594,0,2,1,0,0,0,0,1,1,2,1,0,1,0,0,0,1,0,1,0,1,1,1,1,1,2,0,0,0,0,0,0,0,0,0,0,0,0
595,0,1,0,0,0,1,1,1,0,0,0,0,1,1,2,0,0,0,2,0,1,0,1,1,0,0,0,1,1,1,1,1,1,1,1,1,1,1
596,2,0,0,0,0,1,2,2,0,2,0,1,0,2,0,1,0,0,0,0,1,1,0,0,1,2,1,0,0,0,0,1,0,0,0,0,0,0
597,2,1,0,1,0,1,1,2,0,2,0,0,2,1,0,0,1,0,0,0,2,0,1,0,0,1,0,1,0,0,0,1,0,0,0,0,0,0
598,0,2,1,0,1,1,0,0,0,0,0,0,0,1,0,0,0,0,0,0,0,1,0,1,0,1,1,0,1,1,1,1,1,1,1,1,1,1
599,0,1,1,0,0,1,2,1,0,2,0,0,2,1,2,0,1,0,1,0,1,0,1,0,0,0,0,1,1,1,1,1,1,1,1,1,1,1
600,1,1,0,0,0,1,1,0,0,0,0,0,1,2,2,0,0,0,2,0,1,0,1,1,1,2,0,2,0,0,0,0,0,0,0,0,0,0
601,1,1,1,0,0,1,1,0,1,1,1,0,0,0,2,0,0,0,1,0,0,2,1,0,1,1,1,0,1,1,1,1,0,1,1,1,1,1
602,0,1,0,0,1,0,0,2,0,1,0,1,1,1,0,0,0,0,1,0,2,0,0,1,0,1,0,0,1,1,1,1,1,1,1,1,1,1
603,0,0,0,0,0,1,1,2,1,1,1,0,1,2,0,0,0,1,2,1,1,0,0,0,0,0,0,0,1,0,0,0,0,0,0,0,1,0
604,0,1,1,0,0,1,1,1,0,1,1,1,0,2,2,0,0,1,0,0,2,1,2,1,2,1,1,0,1,0,0,0,0,0,1,0,0,0
605,2,1,1,0,0,0,1,0,1,0,0,0,1,1,1,2,0,0,1,0,2,0,0,1,0,0,1,0,1,1,1,1,1,1,1,1,1,1
606,0,0,1,0,0,0,0,1,0,0,0,2,1,1,1,1,0,0,1,0,1,0,1,0,0,1,0,0,1,1,1,1,1,1,1,1,1,1
607,0,0,2,2,0,0,1,0,0,1,0,0,1,1,0,1,1,0,2,0,1,0,2,1,0,1,0,0,0,0,0,0,0,0,0,0,0,0
608,0,0,1,0,0,1,1,1,1,1,0,0,2,0,2,0,0,0,0,1,1,0,0,1,0,0,1,0,1,1,1,1,1,1,1,1,1,1
609,0,0,1,0,1,0,0,2,0,0,0,0,0,0,2,1,1,0,2,0,1,1,1,1,0,1,1,1,1,1,1,1,1,1,1,1,1,1
610,0,1,1,0,1,0,0,1,0,1,0,1,2,0,2,1,0,1,0,0,1,0,1,0,1,0,1,1,1,0,1,1,1,1,0,0,1,0
611,1,1,0,0,0,0,1,1,1,1,0,0,1,1,1,0,0,1,0,0,0,0,1,1,1,0,1,1,0,0,0,1,1,0,0,0,0,0
612,0,2,2,1,0,0,1,1,0,0,0,0,2,0,0,1,0,1,1,0,2,1,1,1,0,0,1,1,0,0,0,0,0,0,0,0,0,0
613,0,1,0,1,0,0,1,1,0,0,1,0,1,1,1,0,1,1,0,0,1,0,2,1,0,0,0,0,0,0,0,0,0,0,0,0,0,0
614,0,2,0,2,0,0,0,2,1,0,1,0,2,1,0,1,0,0,0,0,2,0,1,0,0,0,0,0,1,1,1,0,1,0,1,1,1,1
615,0,1,1,1,0,1,2,2,0,1,2,0,0,1,0,0,0,0,0,0,0,0,1,1,0,1,2,2,1,1,1,1,1,1,1,1,1,1
616,2,1,1,0,1,1,0,0,0,1,0,0,0,2,2,0,0,0,0,0,0,0,2,1,1,0,2,1,1,1,1,1,1,1,1,1,1,1
617,1,2,0,1,0,0,1,2,0,1,1,0,1,2,0,1,0,0,0,0,1,0,2,1,1,0,2,0,1,1,1,1,1,1,1,1,1,1
618,0,1,0,1,1,1,0,1,1,1,0,0,2,1,0,0,0,0,1,0,1,0,1,1,1,0,1,1,0,0,0,0,0,0,0,0,0,0
619,0,0,1,0,0,1,0,0,1,1,1,1,0,1,0,1,0,0,1,0,0,0,0,0,0,0,1,1,1,1,1,1,1,1,1,1,1,1
620,0,0,0,0,0,2,1,1,0,1,0,0,2,1,1,1,2,0,1,1,2,0,2,1,0,1,0,1,0,0,1,0,0,0,1,0,0,1
621,1,1,0,0,0,1,0,1,0,1,1,1,1,1,1,1,0,1,1,0,1,1,0,1,1,0,1,0,0,0,0,0,0,0,0,0,0,0
622,1,0,1,1,1,0,1,2,0,1,2,0,0,0,1,0,0,1,1,1,1,0,1,1,0,1,0,0,0,0,0,0,0,0,0,0,0,0
623,0,1,2,0,0,0,1,1,0,2,0,0,0,0,1,0,0,0,2,1,1,0,1,1,0,1,1,0,0,0,0,0,0,0,0,0,0,0
624,1,0,0,1,0,1,0,1,0,2,1,0,0,1,0,0,1,0,1,0,0,0,1,0,1,0,0,0,1,0,0,0,0,0,1,0,0,1
625,0,0,0,0,1,1,1,2,1,1,0,0,0,1,1,2,1,0,0,1,0,0,0,0,0,0,1,0,0,0,0,0,1,1,0,0,0,0
626,0,2,1,0,0,2,0,0,0,2,0,1,0,2,1,0,0,1,1,1,0,0,1,0,1,1,0,0,1,1,1,1,1,1,1,1,1,0
627,0,1,1,0,1,1,0,0,0,1,0,1,1,1,2,0,0,0,0,1,0,0,1,1,1,0,0,0,1,1,1,1,1,1,1,1,1,1
628,1,0,2,0,0,1,1,0,0,1,0,0,2,0,1,0,0,0,1,1,0,0,2,1,0,0,0,1,0,0,0,0,0,0,0,0,0,0
629,1,0,0,1,1,0,1,2,0,1,0,0,0,1,1,0,0,0,1,1,2,0,0,2,1,0,2,0,1,0,0,1,1,1,1,0,1,1
630,0,1,0,1,0,1,1,0,0,1,0,0,1,1,0,0,0,0,0,1,2,0,1,1,0,0,1,0,0,0,0,0,0,0,0,0,0,0
631,2,0,1,1,0,1,1,2,0,2,0,1,1,1,1,0,0,0,0,0,2,1,1,1,1,1,0,0,0,0,0,0,0,0,0,0,0,0
632,0,1,1,0,0,1,0,1,0,0,1,0,2,0,0,0,0,0,0,0,1,2,0,0,1,0,0,0,1,1,1,1,1,1,1,1,1,1
633,0,2,1,0,0,2,1,0,1,1,0,1,1,1,2,0,0,0,1,0,2,0,1,2,1,1,1,1,0,0,0,0,0,0,0,0,0,0
634,0,0,2,0,0,1,1,1,0,2,0,1,1,1,2,1,0,1,1,0,2,1,1,0,0,2,1,0,0,0,0,0,0,0,0,0,0,0
635,0,1,0,0,0,0,1,1,0,2,0,0,1,0,1,0,0,0,0,2,0,1,0,1,1,0,0,0,0,0,0,0,0,0,0,0,0,0
636,0,1,0,1,0,2,1,1,1,1,1,0,0,1,1,0,1,0,0,0,0,1,0,0,0,1,2,1,0,0,0,0,0,1,0,0,0,0
637,0,0,0,0,0,1,1,1,0,0,2,0,1,1,1,1,0,0,1,1,2,0,2,1,0,0,0,0,0,0,0,0,0,0,0,0,0,0
638,1,1,1,1,0,0,1,0,1,1,1,0,0,0,1,0,0,0,1,1,1,0,0,1,0,1,1,0,0,0,0,0,0,0,0,0,0,0
639,0,0,0,0,1,1,0,2,0,0,1,0,0,1,2,0,0,1,0,0,1,0,0,2,0,0,0,1,1,1,1,1,1,1,1,1,1,0
640,2,1,0,0,0,0,1,0,1,2,0,0,2,1,2,1,0,0,1,0,1,0,2,1,1,0,0,1,1,1,1,1,1,1,1,1,1,1
641,0,1,1,1,0,1,1,0,1,1,0,0,2,1,0,1,0,0,1,0,0,1,0,0,1,1,1,0,1,1,1,1,1,1,1,1,1,1
642,1,1,0,0,0,1,1,0,0,0,0,0,0,0,0,2,1,0,1,1,0,0,1,1,2,0,1,0,1,1,1,1,1,1,1,1,1,1
643,0,0,2,0,0,0,1,0,0,1,0,1,1,0,2,1,2,0,0,1,1,0,0,0,1,0,2,0,0,0,1,1,1,1,1,1,0,0
644,1,0,0,1,0,0,1,1,1,1,0,0,0,1,2,1,0,0,1,1,1,1,1,1,1,2,1,1,0,0,1,1,1,1,0,1,0,0
645,0,2,0,0,0,2,1,1,0,2,1,0,1,1,1,0,0,0,0,0,0,1,0,0,1,2,2,2,0,0,0,0,1,0,0,0,0,0
646,0,1,1,0,1,1,0,0,0,1,0,0,2,0,2,0,0,0,1,1,0,0,0,2,0,1,0,1,0,0,0,0,0,0,0,0,0,0
647,0,0,0,0,0,0,1,0,1,2,1,0,0,0,1,0,0,1,1,1,0,0,1,2,1,0,1,0,0,0,0,0,0,0,0,0,0,0
648,0,0,0,0,1,0,0,2,0,1,0,0,2,1,2,1,1,0,0,0,2,0,1,2,0,0,2,1,1,1,1,1,1,1,1,1,1,1
649,1,1,0,0,0,1,0,1,0,1,0,0,0,1,0,1,1,1,0,0,1,2,1,0,1,0,0,0,1,1,1,1,1,1,1,1,1,1
650,1,0,0,0,1,0,1,0,0,2,0,0,0,1,1,0,0,0,0,1,0,0,1,0,1,0,1,0,1,1,1,1,1,1,1,1,1,1
651,1,1,1,0,0,1,0,1,0,1,2,1,1,0,0,0,0,0,1,0,1,1,0,0,0,1,1,1,1,1,1,1,1,1,1,1,1,1
652,1,1,0,1,0,0,0,0,0,1,0,0,1,0,1,1,1,0,0,2,2,0,2,0,0,1,2,0,0,0,0,0,0,0,0,0,0,0
653,0,1,2,0,0,0,1,0,1,0,1,0,2,0,0,0,0,1,0,0,0,0,1,0,1,1,2,0,1,1,1,1,1,1,1,1,1,1
654,0,0,0,0,0,1,2,1,0,1,0,0,2,0,1,0,0,0,0,0,1,1,1,0,0,0,1,0,0,0,1,1,1,1,1,1,1,1
655,0,1,0,0,0,0,0,0,0,2,0,1,1,1,1,2,1,0,1,0,0,1,1,0,0,0,1,0,1,1,1,1,1,1,1,1,1,1
656,1,0,1,0,0,2,1,0,0,0,0,1,1,0,2,0,1,0,0,0,2,0,0,1,0,0,1,1,1,0,0,0,0,0,0,0,0,0
657,1,1,1,0,1,0,2,0,0,0,0,1,1,1,1,0,0,0,1,1,1,0,1,1,0,1,1,1,0,0,0,0,0,0,0,0,0,0
658,1,1,0,0,0,0,1,1,1,2,0,0,1,0,0,0,0,0,1,0,1,0,0,0,1,1,2,0,1,1,0,0,1,1,0,1,0,0
659,1,0,1,0,0,0,0,1,0,1,0,0,2,0,0,0,0,1,1,0,1,0,0,0,0,1,1,0,1,1,1,1,1,1,1,1,1,1
660,2,1,0,0,0,0,0,0,0,1,0,0,1,1,1,2,1,1,1,2,0,1,1,0,1,1,1,0,0,0,0,0,0,0,0,0,0,0
661,2,0,0,0,0,0,1,1,0,1,0,1,1,1,0,0,0,0,0,0,1,1,1,0,0,1,0,0,1,1,1,1,1,1,1,1,1,1
662,0,2,1,0,1,0,0,1,1,1,0,2,0,1,2,0,0,0,1,0,1,0,2,0,0,1,0,0,0,0,0,0,0,0,0,0,0,0
663,0,2,0,0,1,1,0,1,2,1,0,0,2,1,0,0,0,0,0,0,1,0,1,0,0,2,1,0,1,1,1,1,1,1,1,1,1,0
664,1,0,0,0,0,0,1,1,1,0,0,2,0,0,0,0,0,0,0,2,0,0,2,0,1,0,2,0,1,1,1,1,1,1,1,1,1,1
665,1,1,0,0,0,0,0,2,0,0,0,0,1,0,2,0,0,0,1,0,1,0,1,1,0,1,1,0,0,0,0,0,0,0,0,0,0,0
666,1,1,0,0,0,1,0,0,0,0,0,0,0,2,1,1,0,0,2,0,0,1,0,1,0,0,1,0,1,1,0,0,1,1,0,0,0,1
667,2,0,1,0,0,1,0,1,0,1,0,1,1,0,2,1,1,0,1,0,0,0,0,2,1,1,1,0,1,0,0,1,0,0,0,1,1,0
668,1,0,1,0,1,1,0,1,1,1,0,0,1,1,2,0,0,0,2,1,0,0,1,2,0,0,2,2,0,0,0,0,0,0,0,0,0,0
669,1,1,2,0,1,1,2,1,0,0,0,0,1,1,2,0,0,0,1,0,1,0,1,0,0,1,0,0,0,1,0,1,1,1,1,1,1,1
670,0,1,2,0,0,1,1,1,0,2,1,0,2,0,1,0,1,0,0,1,1,1,1,1,0,1,0,0,0,1,0,0,0,0,0,0,0,0
671,1,1,0,0,0,1,2,0,0,1,1,2,2,2,1,1,1,0,1,0,0,0,1,1,1,0,1,1,1,1,1,1,1,1,1,1,1,1
672,0,0,2,0,0,0,1,0,0,0,0,0,0,0,0,0,0,1,1,0,0,0,1,0,0,1,1,0,0,0,0,1,0,0,0,0,0,1
673,0,1,1,0,0,1,2,0,1,0,0,0,0,2,1,0,0,1,1,0,0,0,0,0,0,0,2,0,1,1,1,1,1,1,1,1,1,1
674,0,1,0,0,0,2,1,1,0,1,0,1,0,0,1,1,0,0,0,0,1,2,0,0,0,1,0,1,1,1,1,1,1,1,1,1,1,1
675,0,0,1,1,0,1,0,0,0,1,1,0,1,1,1,0,0,1,1,0,0,0,0,0,1,0,0,0,0,0,0,0,0,0,0,0,0,0
676,0,1,1,0,0,1,0,0,0,0,0,0,1,2,1,0,0,0,1,1,0,0,1,0,1,1,1,0,1,1,1,1,1,1,1,1,0,1
677,0,1,0,0,0,2,0,1,0,1,0,0,1,1,2,0,0,1,1,1,1,0,1,1,0,1,0,0,0,0,0,0,0,0,0,0,0,0
678,1,0,0,0,0,0,1,0,0,1,1,0,0,2,0,0,2,0,0,1,0,1,1,0,0,1,1,0,1,1,1,1,1,1,1,1,1,1
679,1,1,0,0,1,0,1,0,1,1,0,0,1,2,1,0,1,0,0,0,2,0,1,0,1,1,0,1,0,0,0,0,0,0,0,0,0,0
680,0,1,1,0,0,0,1,0,0,1,0,1,2,0,2,0,0,0,0,0,0,2,1,1,2,0,2,0,1,1,1,1,1,1,1,1,1,1
681,1,1,1,0,0,0,0,0,0,0,0,0,0,1,2,1,0,0,0,1,0,1,0,2,1,2,1,0,0,0,0,0,0,0,0,0,0,0
682,1,2,0,0,1,0,1,0,0,0,0,1,1,1,1,1,0,0,0,0,0,0,0,2,0,0,0,0,1,1,1,1,1,1,1,1,1,1
683,1,1,0,0,1,1,1,1,0,1,0,0,2,2,1,0,0,0,0,1,1,0,1,1,0,0,0,0,0,0,0,0,0,0,0,0,0,0
684,0,2,1,0,0,1,0,0,0,1,0,0,0,1,0,0,0,0,2,0,0,1,2,0,1,2,1,0,1,1,1,1,1,1,1,1,1,1
685,2,0,1,1,0,1,0,0,1,0,0,1,2,1,0,0,0,0,0,0,0,1,1,1,0,0,0,0,1,0,1,1,1,1,1,1,1,1
686,0,1,0,0,0,0,1,0,0,1,1,0,1,0,0,0,0,0,1,1,0,0,1,0,0,0,2,1,1,0,1,0,1,0,1,1,0,1
687,1,1,1,0,0,1,0,0,0,1,0,1,1,1,2,0,2,0,0,0,0,0,1,0,0,0,1,0,0,0,0,0,0,0,0,0,0,0
688,1,0,1,1,0,0,0,1,0,0,0,0,1,1,1,0,1,0,0,1,1,0,1,1,0,2,2,0,0,0,0,0,0,0,0,0,0,0
689,1,1,0,0,0,0,1,0,0,2,1,0,1,1,1,1,1,0,1,0,1,1,1,1,0,2,0,0,1,0,0,0,0,0,0,0,1,0
690,1,2,0,0,1,2,1,0,1,0,1,0,1,1,2,0,1,0,1,0,0,0,1,1,0,1,1,1,1,1,1,1,1,1,1,1,1,1
691,0,0,1,0,0,1,0,0,0,0,0,1,0,2,0,1,0,0,2,0,1,0,1,0,0,1,1,1,1,1,1,1,1,1,1,1,1,1
692,1,1,0,0,0,1,0,0,1,0,0,0,1,1,0,1,0,0,0,1,0,0,2,0,1,1,1,1,1,1,1,1,1,0,1,1,1,1
693,0,1,1,0,0,1,1,0,1,1,0,1,0,0,1,1,0,0,1,1,0,1,1,0,2,1,0,0,1,1,1,1,1,1,1,1,1,1
694,0,1,0,1,0,1,1,0,1,2,0,0,1,1,0,0,0,0,2,0,0,0,0,0,0,0,1,0,0,0,0,0,0,0,0,0,0,0
695,2,2,0,0,0,0,0,2,0,0,0,0,2,2,2,2,1,0,0,0,2,0,0,1,0,1,1,1,1,1,1,1,1,1,1,1,1,1
696,0,1,1,0,0,1,0,0,0,1,0,2,1,0,2,0,1,0,1,0,2,0,1,1,1,1,1,1,0,0,0,0,0,0,0,0,0,0
697,1,1,2,0,1,2,0,0,1,0,0,1,2,1,1,0,0,0,0,0,0,1,1,1,0,1,0,0,1,1,1,1,1,1,1,1,1,1
698,1,1,0,0,0,0,1,1,0,0,0,0,1,1,1,0,0,2,0,0,1,1,0,1,1,0,1,1,1,1,1,1,1,1,1,1,1,1
699,0,0,0,0,0,0,1,0,0,0,0,0,2,0,0,0,0,0,1,0,1,1,1,0,0,1,0,0,1,1,1,1,1,1,1,1,1,1
700,1,1,1,0,1,1,0,0,0,2,0,0,0,1,1,0,0,0,0,0,0,0,1,1,0,1,2,0,0,0,0,0,0,0,0,0,0,0
701,1,1,1,0,0,1,0,0,1,0,0,0,0,1,1,0,0,0,0,0,1,0,2,1,1,0,0,0,1,1,1,1,0,0,1,1,1,1
702,0,1,2,0,0,2,0,2,0,0,1,0,1,0,2,0,0,1,1,0,1,0,1,2,1,1,0,0,1,1,1,1,1,1,1,1,1,1
703,1,1,1,0,0,2,1,1,0,2,1,0,0,0,1,0,0,1,1,0,0,0,2,0,0,1,2,0,0,0,0,0,0,0,0,0,0,0
704,0,2,0,0,0,0,1,0,0,0,1,0,2,0,1,1,0,0,1,0,1,0,2,1,2,1,2,0,1,1,1,1,1,1,1,1,1,1
705,2,2,1,0,0,1,1,2,0,1,0,1,1,2,0,0,1,0,2,1,1,0,0,1,0,0,1,0,0,0,0,1,0,0,0,0,0,0
706,1,1,2,1,0,2,0,1,1,1,0,0,2,1,0,0,0,0,1,0,1,1,1,1,0,1,0,1,1,1,1,1,1,1,1,1,1,1
707,0,1,1,0,1,1,1,1,0,2,0,0,1,0,1,0,0,0,0,0,1,0,0,1,0,0,1,1,0,0,0,0,1,1,0,0,0,1
708,1,0,1,0,0,0,0,0,0,0,0,0,2,0,0,1,0,0,1,0,1,1,0,1,1,1,0,0,0,1,0,0,0,0,0,0,0,0
709,0,1,0,0,0,1,0,1,0,1,1,1,2,0,1,0,0,0,0,0,0,1,1,0,0,1,1,1,1,1,1,1,1,1,0,1,1,1
710,0,0,0,0,1,1,1,0,0,1,2,0,0,1,1,0,0,0,1,0,0,1,0,1,1,1,1,1,0,0,0,0,0,0,0,0,0,0
711,0,2,1,0,0,1,1,0,0,2,0,0,1,1,1,0,1,0,0,0,0,0,1,1,1,1,2,0,0,0,0,0,0,0,0,0,0,0
712,2,0,1,0,1,0,0,1,0,0,1,1,1,2,1,0,0,1,1,0,1,0,0,1,1,0,2,0,0,0,0,0,0,0,0,0,0,0
713,1,1,1,0,0,1,1,0,1,1,0,0,1,0,1,0,1,0,0,0,0,1,0,0,0,0,0,1,0,1,1,1,1,1,1,0,1,0
714,1,0,0,0,0,0,1,1,0,2,1,0,1,1,1,0,0,0,0,0,1,1,2,1,0,0,0,1,1,1,1,0,1,1,1,1,1,1
715,1,1,0,1,0,1,2,0,0,1,1,0,1,0,1,1,0,0,1,0,0,0,0,1,0,1,0,0,1,1,1,0,1,1,0,1,0,1
716,0,1,2,0,0,1,0,0,0,1,0,0,1,1,2,1,0,0,1,0,0,1,0,1,0,0,0,1,0,0,0,0,0,0,0,0,0,0
717,1,2,0,0,0,0,2,0,0,0,1,0,0,0,1,0,0,0,2,0,0,1,2,1,0,1,1,1,1,1,1,1,1,1,1,1,1,1
718,1,1,1,0,0,1,0,1,2,1,0,0,0,0,1,0,0,1,1,0,1,0,0,1,0,0,2,2,1,1,1,1,1,1,1,1,1,1
719,2,0,1,0,0,0,1,0,0,0,1,1,0,1,1,1,0,0,0,0,0,1,2,2,0,1,0,0,1,1,1,1,1,1,1,1,1,1
720,1,0,1,0,0,0,1,2,0,1,0,0,1,0,0,0,0,0,0,0,1,0,1,0,0,2,2,1,1,1,1,0,1,1,1,0,1,0
721,0,1,1,0,0,1,1,1,1,0,1,2,2,1,1,0,1,0,1,1,0,0,0,1,0,0,1,0,0,0,0,0,0,0,0,0,0,0
722,1,0,0,0,0,0,0,0,0,0,0,0,1,1,1,0,0,1,1,0,0,0,2,1,1,1,0,0,0,0,0,0,0,0,0,0,0,0
723,0,1,0,0,0,0,1,1,0,1,1,0,1,1,0,1,0,0,2,0,1,0,1,1,0,0,0,0,0,0,0,0,0,0,0,0,0,0
724,0,1,1,0,1,0,0,2,0,1,0,0,1,1,1,0,0,0,0,0,2,0,1,1,0,1,2,2,1,1,1,1,1,1,1,1,1,1
725,1,0,1,0,1,1,0,0,0,1,1,0,0,1,2,0,0,0,0,0,1,0,0,1,0,0,0,0,1,1,1,1,1,1,1,1,1,1
726,0,1,0,0,0,0,0,1,0,0,1,1,1,0,1,0,0,0,1,0,1,0,0,0,1,0,0,0,0,0,0,0,1,0,0,0,0,0
727,2,0,1,0,0,0,0,1,1,0,0,0,1,2,1,0,0,0,0,0,1,0,0,0,0,1,1,0,0,0,0,0,0,0,0,0,0,0
728,1,1,1,0,0,1,0,1,1,0,1,0,1,0,1,0,0,0,1,0,0,1,0,1,0,0,0,1,0,1,1,1,1,1,0,1,1,1
729,0,0,1,0,0,0,1,0,0,0,0,0,1,2,1,1,0,0,0,0,0,1,2,1,1,0,1,1,1,1,1,0,0,1,1,1,1,1
730,0,1,1,1,0,0,1,1,1,0,0,0,0,2,1,0,0,1,0,0,1,1,1,1,0,1,1,1,1,0,1,1,1,0,1,1,0,1
731,0,0,0,0,0,0,1,2,0,2,1,1,1,1,0,0,0,1,0,0,2,0,0,0,0,2,1,0,0,0,0,0,0,0,0,0,0,0
732,0,2,0,0,0,1,0,0,1,0,0,1,0,1,0,1,0,0,1,1,0,0,1,2,1,0,0,0,1,1,1,1,1,1,1,1,1,1
733,0,2,0,0,2,2,0,1,0,1,0,0,0,2,0,0,2,0,0,0,1,2,2,0,0,1,2,1,1,1,1,1,1,1,1,1,0,1
734,0,1,0,0,0,1,1,0,0,1,0,0,1,2,0,0,0,0,2,0,0,1,1,0,1,1,0,0,0,0,0,0,0,0,0,0,0,0
735,0,1,1,0,0,2,1,1,0,1,1,1,1,0,2,0,0,0,0,0,0,0,1,1,1,0,0,0,1,1,1,1,1,1,1,1,1,1
736,0,0,1,1,1,0,0,1,0,1,0,1,1,0,1,0,0,0,0,0,0,0,0,0,2,1,1,0,0,0,0,0,0,0,0,0,0,0
737,0,1,1,1,0,0,1,0,0,0,0,0,2,2,0,0,0,0,0,0,0,0,1,0,0,0,1,0,0,0,1,0,0,0,0,0,0,0
738,1,1,0,1,0,1,0,2,0,0,1,0,1,1,1,2,0,0,1,0,2,0,0,0,0,0,0,1,1,1,1,1,1,1,1,0,1,1
739,0,1,1,0,0,2,0,1,0,1,1,0,1,0,1,0,0,0,1,0,1,0,1,1,1,0,1,0,0,0,0,0,0,0,0,0,0,0
740,0,0,0,1,1,1,0,0,0,1,0,0,1,0,1,0,0,0,0,0,1,0,1,1,1,0,1,1,1,1,1,1,1,1,1,1,1,1
741,1,0,0,1,0,1,0,1,0,2,1,0,1,1,1,0,0,0,0,0,1,2,2,0,0,0,0,0,0,0,0,0,0,0,0,0,0,0
742,0,1,1,0,0,0,0,1,0,2,1,0,0,1,1,0,0,1,0,1,1,1,1,1,1,1,1,1,0,0,0,0,0,0,1,1,0,0
743,2,0,0,0,0,1,1,0,1,0,0,0,0,1,1,0,0,0,2,0,0,0,1,1,0,2,0,1,0,1,1,0,1,1,1,0,1,1
744,0,1,1,1,0,0,0,1,1,1,0,0,0,1,1,0,0,1,1,0,0,1,1,1,1,2,1,0,0,0,1,0,0,0,0,0,0,0
745,1,1,1,0,0,2,0,1,0,1,0,1,0,0,0,1,2,1,1,1,0,0,1,1,0,0,1,0,0,1,1,0,1,0,0,1,1,0
746,0,1,0,0,0,1,1,1,0,0,2,1,0,1,2,1,0,1,1,0,1,1,0,2,1,0,0,1,1,1,1,1,1,1,1,1,1,1
747,1,1,1,0,0,2,0,0,0,2,0,0,1,0,0,1,1,1,1,0,1,0,1,0,1,0,0,1,1,1,1,1,1,1,1,1,1,1
748,0,1,0,0,0,2,1,1,0,1,0,0,1,0,1,0,0,1,0,1,1,0,0,1,0,1,2,0,0,0,0,0,0,0,0,0,0,0
749,0,1,1,0,0,0,1,0,0,0,1,1,2,1,0,0,0,0,0,0,0,0,2,1,1,0,2,1,1,1,1,1,1,1,1,0,0,1
750,1,2,0,1,0,1,0,0,1,2,0,0,1,2,0,0,0,0,1,1,1,0,0,0,1,0,1,0,0,0,0,0,0,0,0,0,0,0
751,0,1,1,1,0,0,0,1,0,1,0,1,1,1,1,0,1,0,0,0,1,0,0,1,1,0,1,1,0,0,0,0,0,1,0,0,0,0
752,0,1,1,0,0,1,1,1,0,0,0,0,1,0,2,0,0,1,1,0,1,0,2,1,0,1,1,0,0,0,0,0,0,0,0,0,0,0
753,1,1,0,0,0,1,1,0,0,1,0,2,0,1,0,0,0,0,2,0,1,0,0,0,0,0,2,1,1,1,1,1,1,1,1,1,1,1
754,0,1,1,0,0,0,0,0,0,1,0,0,0,1,2,1,0,0,1,1,0,1,0,1,0,1,1,1,1,1,1,1,1,1,1,1,1,1
755,0,1,0,0,0,1,0,1,1,1,0,0,1,2,0,0,0,0,1,0,1,0,1,0,0,1,0,0,1,0,1,1,1,1,1,1,1,1
756,0,0,0,0,0,0,1,0,0,1,0,0,1,0,0,0,0,0,0,0,0,1,0,0,1,1,2,2,1,1,1,1,1,1,1,1,1,1
757,0,1,1,1,0,1,1,1,0,1,0,0,2,1,1,0,0,1,2,1,0,0,1,0,0,0,1,1,1,1,1,1,1,1,1,1,1,1
758,2,2,0,1,0,1,2,1,0,1,0,0,0,1,1,0,0,0,1,0,0,0,1,0,1,1,2,0,1,0,0,1,0,1,1,1,1,1
759,0,2,0,0,1,0,0,0,1,2,2,0,1,2,1,1,0,0,0,0,0,0,0,2,0,1,1,1,0,0,0,0,0,1,0,0,0,0
760,1,1,1,0,1,0,0,1,0,1,0,1,1,0,1,0,0,0,2,0,1,1,0,1,0,0,0,1,0,0,0,0,0,1,0,0,0,0
761,0,0,0,1,0,0,0,0,0,1,0,0,2,1,1,1,0,1,0,0,0,0,1,0,0,0,2,0,0,0,0,0,0,0,0,0,0,0
762,1,1,2,0,0,1,0,1,0,2,0,0,0,1,2,0,0,0,0,0,1,0,1,2,1,2,1,1,0,1,0,1,0,1,1,0,0,1
763,0,1,1,1,1,1,0,2,1,1,1,1,2,0,0,0,0,0,1,1,1,0,1,1,1,1,1,0,0,1,1,1,1,1,1,1,1,1
764,0,1,0,1,0,0,1,0,1,0,0,0,0,1,1,0,0,1,1,0,1,1,2,1,0,1,2,1,1,1,1,1,1,1,1,1,1,1
765,0,0,1,1,0,2,0,0,1,1,0,0,1,0,0,0,0,0,0,2,0,1,0,1,0,0,0,0,1,1,1,1,1,1,1,1,1,1
766,0,1,1,1,0,0,1,1,0,0,0,0,1,1,0,0,0,0,0,0,0,2,0,0,0,0,1,0,0,0,0,0,0,1,0,0,0,0
767,0,0,1,0,0,0,0,1,1,1,1,1,2,0,2,0,0,1,0,0,1,0,1,1,0,0,1,0,1,1,1,1,1,0,1,1,1,1
768,1,0,0,0,1,0,0,1,0,1,1,1,2,2,0,1,0,1,0,1,1,1,0,2,0,0,0,1,1,1,0,1,1,1,1,1,1,0
769,0,0,0,0,1,0,1,1,0,1,2,0,0,0,1,0,0,0,1,1,1,0,1,1,0,0,1,1,1,1,1,1,1,1,1,1,1,1
770,0,1,0,0,0,0,0,2,0,1,0,0,1,0,0,0,0,1,0,0,2,1,2,1,1,1,1,0,1,1,1,1,1,1,1,1,1,1
771,0,1,0,1,0,1,0,1,0,0,1,0,1,0,1,0,0,0,1,0,1,1,2,1,1,1,1,1,0,0,0,1,0,0,0,1,1,1
772,0,0,0,0,0,1,0,1,0,1,0,1,1,1,2,0,0,0,1,0,1,0,1,2,0,2,0,1,1,0,1,0,1,0,0,0,0,0
773,0,1,1,0,0,1,0,2,0,1,0,0,1,1,0,0,0,0,0,1,1,0,0,1,1,1,0,0,1,1,1,1,1,1,1,1,1,1
774,0,1,0,0,0,1,0,1,0,2,1,0,1,0,1,0,0,0,1,1,1,0,1,1,0,1,1,0,1,0,0,0,0,1,1,0,0,0
775,1,0,1,0,0,0,1,2,0,1,1,0,0,1,1,1,0,1,0,1,0,0,1,0,0,0,1,0,1,1,0,0,1,1,1,1,1,1
776,0,0,1,0,0,0,0,1,1,1,0,0,1,1,1,0,0,1,1,0,1,0,1,1,0,1,0,2,0,0,0,0,0,0,0,0,0,0
777,1,2,1,0,0,1,0,0,1,1,0,0,1,1,1,0,0,0,0,0,0,0,2,0,0,0,1,1,1,1,1,1,1,1,1,1,1,1
778,1,1,0,0,0,1,1,1,0,0,1,1,0,1,1,0,0,0,0,0,0,0,1,2,0,0,1,0,1,1,1,1,1,1,1,1,1,1
779,0,2,2,0,1,1,0,0,0,2,0,0,1,0,1,0,1,2,2,0,0,1,0,1,0,1,0,1,0,1,0,1,1,1,1,1,1,0
780,1,2,1,0,1,0,1,1,1,1,0,0,0,2,2,0,0,0,1,0,0,1,1,0,1,0,0,0,0,1,1,0,0,1,1,0,1,1
781,0,0,1,0,0,1,0,1,0,1,0,1,2,1,1,2,1,0,1,0,1,1,0,1,0,0,0,1,1,1,1,1,1,1,1,1,1,1
782,0,1,2,0,0,0,1,0,1,1,0,1,0,1,1,1,0,1,1,1,0,1,0,1,1,1,0,1,1,1,1,1,1,1,1,1,1,0
783,0,1,1,0,0,0,0,1,0,1,0,1,1,2,1,0,0,0,1,0,1,1,2,0,2,1,2,0,0,1,1,1,1,1,1,1,1,1
784,0,1,1,0,0,0,1,0,1,2,1,0,1,0,1,0,0,0,0,0,0,0,2,1,0,0,0,0,0,0,0,0,0,0,0,0,0,0
785,0,0,1,0,0,1,0,0,0,0,0,1,1,1,1,1,0,0,1,0,1,0,2,0,1,0,1,2,1,1,1,1,1,1,1,1,1,1
786,0,1,1,1,0,1,1,0,0,1,0,1,1,0,0,0,1,0,1,0,0,0,1,0,1,0,1,0,1,1,1,1,1,0,1,1,1,1
787,0,2,0,0,1,0,1,0,0,1,0,0,1,1,2,2,0,0,0,0,0,0,1,0,0,0,0,1,0,1,0,0,0,0,0,0,1,0
788,0,0,1,1,0,1,0,2,0,1,0,0,0,0,1,0,0,0,0,0,2,0,2,1,0,1,2,1,0,0,0,0,0,0,0,0,0,0
789,1,0,1,0,1,2,1,1,0,1,0,1,2,1,2,0,0,0,0,0,1,0,1,1,0,0,0,0,1,1,1,1,1,1,1,1,1,1
790,0,1,1,0,0,1,1,0,0,1,0,0,0,1,0,0,0,0,1,1,1,0,1,0,0,1,1,0,1,1,1,1,1,1,1,1,1,1
791,0,0,1,0,0,1,1,1,0,0,1,0,0,1,0,1,0,0,0,1,1,0,1,0,0,0,1,0,0,0,0,0,0,0,0,0,0,0
792,1,1,0,1,1,1,1,1,0,0,0,1,1,1,0,1,0,0,0,2,1,1,1,0,1,1,0,1,1,1,1,1,1,0,1,1,1,1
793,0,1,0,0,1,1,1,0,0,2,0,0,0,2,0,1,0,0,1,0,0,0,0,0,0,0,1,0,0,0,0,0,1,1,1,0,0,0
794,0,1,0,0,1,2,0,2,0,1,0,1,1,1,0,0,0,0,2,0,1,0,2,0,1,0,0,0,1,1,1,1,1,1,1,1,1,1
795,0,1,0,0,1,1,0,1,1,2,0,0,2,2,1,0,0,0,0,1,0,1,2,2,2,1,0,0,0,0,0,0,0,0,0,0,0,0
796,0,1,0,2,0,0,1,0,0,2,1,1,2,1,1,0,2,0,1,1,0,2,1,1,0,0,1,1,0,0,0,1,1,0,0,1,0,1
797,1,2,1,1,0,0,0,0,0,1,0,0,2,0,1,0,0,0,1,0,0,1,0,0,0,0,1,1,1,1,1,1,1,1,1,1,1,1
798,0,0,0,0,0,1,0,0,0,0,0,0,0,2,2,0,1,1,1,0,0,0,2,0,0,1,1,0,0,0,0,1,0,0,1,0,0,0
799,0,0,2,1,1,1,0,0,1,0,0,0,1,0,2,0,0,1,0,0,1,0,1,1,1,1,0,0,0,0,0,1,0,0,0,0,0,0
800,0,1,0,0,0,1,0,1,0,1,0,1,2,0,1,1,1,0,1,0,0,0,2,1,0,0,0,0,1,1,1,1,1,1,1,1,1,1
801,0,1,1,1,1,1,1,0,1,2,1,1,1,0,0,0,1,0,1,1,0,1,0,2,1,1,1,0,0,0,0,0,0,0,0,0,0,0
802,0,2,1,0,1,1,1,0,1,0,0,0,1,0,1,0,0,0,0,0,0,0,1,0,0,1,1,0,1,0,1,0,1,1,1,0,1,1
803,0,2,0,0,0,2,0,0,0,1,0,0,1,0,0,1,0,0,1,1,0,0,1,0,0,1,0,1,1,1,1,1,1,1,1,1,1,1
804,1,1,0,0,1,1,0,0,0,0,1,0,0,0,1,0,0,1,1,0,0,0,0,1,1,2,1,1,0,0,0,0,0,0,0,0,0,0
805,1,0,0,0,0,1,0,1,0,0,0,1,2,1,1,0,0,0,1,0,2,1,0,1,0,0,1,0,1,1,1,1,1,1,1,1,1,1
806,1,1,0,1,0,1,2,1,0,0,0,0,1,1,1,0,0,1,1,0,2,0,0,1,0,0,1,0,1,1,1,1,1,1,1,1,1,1
807,0,0,0,0,0,1,0,1,0,2,0,0,2,0,2,0,0,0,1,0,1,0,0,1,1,0,0,0,1,1,1,1,1,1,1,1,1,1
808,0,1,0,1,0,0,1,0,1,0,1,0,1,0,2,1,0,0,0,1,0,0,1,0,0,1,2,1,0,0,0,0,0,0,0,0,0,0
809,1,0,0,0,0,2,0,1,1,0,0,0,2,0,1,0,0,0,0,0,1,1,2,0,2,0,1,2,1,1,1,1,0,1,1,1,1,0
810,1,2,1,0,0,2,1,0,0,0,0,0,0,1,1,1,0,0,2,0,1,0,1,2,0,1,1,1,0,0,0,0,0,0,0,0,0,0
811,1,2,2,1,0,1,1,1,2,1,1,1,1,0,1,0,0,0,1,0,1,1,0,1,0,1,1,0,0,0,0,0,0,0,0,0,0,0
812,1,2,0,0,0,0,0,1,0,0,0,0,0,0,2,0,1,0,0,0,0,0,2,1,1,0,0,1,1,1,1,1,1,1,1,1,1,1
813,0,1,0,1,0,2,1,1,0,0,0,0,2,1,1,1,0,0,0,0,1,0,1,2,0,0,1,1,1,1,1,1,1,0,1,1,1,1
814,0,1,0,0,0,0,0,2,0,1,1,0,2,1,1,0,0,0,2,0,2,0,1,0,1,0,1,0,1,1,1,1,1,0,1,1,1,1
815,0,0,0,0,0,2,1,0,0,2,0,0,2,1,0,0,0,0,0,0,0,0,0,0,0,1,1,1,0,0,0,1,1,1,1,1,1,1
816,1,0,1,0,1,1,0,1,0,1,0,0,1,1,0,0,1,0,2,0,1,0,2,0,1,1,2,0,1,0,1,1,0,0,1,0,1,0
817,2,1,0,0,0,0,1,2,0,0,0,0,2,2,2,0,0,0,1,0,2,0,2,1,2,1,1,1,0,0,0,0,0,0,0,0,0,0
818,1,0,0,0,2,0,0,1,1,0,0,0,2,1,1,2,1,0,2,0,1,0,1,0,0,0,0,2,1,1,1,1,1,1,1,1,1,1
819,1,1,2,0,0,0,0,0,0,1,0,0,1,0,1,0,2,0,1,1,0,0,1,0,0,0,0,1,0,0,0,0,0,0,0,0,0,0
820,0,0,1,0,1,0,0,0,0,2,0,1,0,1,1,0,0,0,0,0,1,1,1,0,0,0,2,0,0,0,0,0,0,0,0,0,0,0
821,1,0,0,0,1,0,1,0,0,1,1,0,0,1,1,1,1,2,0,0,0,1,1,0,0,0,1,0,1,0,0,0,0,1,1,1,0,1
822,1,1,1,0,1,0,1,2,0,0,0,1,1,1,1,1,0,1,1,0,2,0,1,1,0,0,1,0,0,1,0,0,0,0,1,0,0,0
823,2,1,1,0,0,2,2,0,0,2,0,1,0,2,0,0,0,0,0,0,0,0,2,0,1,0,0,0,1,1,1,1,1,1,1,1,1,1
824,0,1,1,0,0,0,0,1,0,0,0,1,1,1,0,1,0,0,0,1,1,0,1,1,2,2,1,0,0,0,0,1,1,0,0,0,0,0
825,0,1,0,0,0,0,1,2,0,2,0,0,0,0,2,0,0,0,0,0,2,0,1,2,1,1,1,1,0,0,0,0,1,0,0,0,0,0
826,0,1,2,0,0,0,0,0,0,2,0,1,0,1,1,1,0,0,1,1,0,0,1,0,1,0,1,0,1,1,1,1,1,1,1,1,1,1
827,1,2,1,0,1,0,1,1,1,0,0,1,0,2,0,1,0,1,1,0,1,1,1,0,1,0,0,0,1,1,1,1,1,1,1,1,1,1
828,0,1,1,0,0,1,1,0,0,1,0,0,2,1,1,2,0,0,2,0,0,0,2,0,0,0,0,1,1,1,1,1,1,1,1,1,1,1
829,0,0,0,0,0,1,0,0,0,2,0,0,1,2,1,0,0,0,1,0,0,1,1,0,1,1,1,0,1,1,1,1,1,1,1,1,1,1
830,0,0,1,0,0,2,0,0,1,0,1,1,1,0,1,0,0,0,1,1,1,0,1,2,0,0,0,1,0,1,0,0,0,0,0,0,0,0
831,0,1,0,0,0,0,1,1,1,1,0,0,1,1,1,1,0,0,0,0,1,0,1,0,0,0,2,1,0,1,1,1,1,1,1,1,1,1
832,0,1,0,0,0,0,1,0,0,1,0,0,0,0,1,0,1,0,1,0,1,0,1,0,1,1,0,0,0,1,1,1,0,1,1,1,1,1
833,1,0,0,0,1,0,1,0,0,0,0,0,0,0,2,0,0,0,2,0,0,0,1,0,0,1,0,1,1,1,0,1,0,0,0,0,1,1
834,1,2,1,0,0,0,1,2,0,1,0,0,1,1,1,0,0,0,0,0,1,0,0,1,0,1,0,1,0,0,0,0,0,1,0,0,0,0
835,1,0,0,0,0,1,0,0,0,1,0,1,0,1,0,0,0,0,1,0,0,1,0,1,1,0,1,0,1,1,1,1,1,1,1,1,1,1
836,1,1,0,0,0,1,1,2,0,2,0,0,0,1,2,0,0,0,1,0,1,0,2,1,0,1,0,1,1,1,0,1,0,1,1,1,1,1
837,0,0,0,0,0,1,1,0,0,1,0,0,2,2,1,0,0,0,1,0,0,0,1,1,2,0,0,0,0,0,0,0,0,0,0,0,0,0
838,2,0,1,0,1,1,0,1,1,1,0,1,0,1,1,0,0,0,0,0,1,0,0,0,1,1,1,1,1,1,1,1,1,1,1,1,1,1
839,1,1,1,1,1,1,0,0,2,0,0,1,0,2,1,1,0,0,0,0,1,0,1,1,1,1,0,0,0,1,1,1,1,1,0,1,1,1
840,1,1,1,0,0,0,0,0,0,2,0,2,1,1,1,0,1,0,2,1,0,0,1,2,0,1,2,0,0,0,0,0,0,0,0,0,0,0
841,1,2,1,0,0,1,2,2,0,0,0,0,0,2,1,0,0,0,0,0,1,1,2,2,1,0,2,0,1,1,0,1,0,1,1,1,1,1
842,1,2,0,0,0,1,1,1,0,0,0,0,1,0,2,0,1,1,1,1,0,1,1,0,0,1,1,1,0,0,0,0,0,0,0,0,0,0
843,0,1,2,0,0,1,0,0,0,1,1,1,2,0,0,1,0,0,1,0,0,0,1,0,0,1,0,0,0,1,1,1,1,1,1,1,1,1
844,0,2,0,0,0,0,0,1,0,0,0,0,1,0,2,1,0,0,1,0,1,0,1,0,1,0,1,1,0,0,0,0,0,0,0,0,0,0
845,1,1,0,0,0,2,1,2,0,2,0,0,1,2,2,0,0,0,0,0,2,0,2,1,0,1,1,0,0,0,0,0,0,0,0,0,0,1
846,0,2,1,1,0,2,0,0,2,0,0,0,2,2,1,0,0,0,1,1,1,0,1,1,1,0,0,1,1,1,1,1,1,1,1,1,1,1
847,1,1,1,0,0,0,0,1,0,2,0,0,1,2,0,0,0,0,0,0,0,0,1,1,1,1,2,1,1,1,1,1,1,1,1,1,1,1
848,1,2,1,0,0,0,2,1,0,0,0,0,1,2,1,1,0,1,1,0,1,0,1,1,1,1,0,0,1,1,1,1,1,1,1,1,1,1
849,0,2,1,0,0,0,0,1,0,1,0,0,1,2,1,0,1,0,1,0,1,1,0,1,0,0,2,1,0,0,0,0,0,0,0,0,0,0
850,0,0,2,0,0,0,2,1,0,2,2,0,1,1,0,0,1,0,0,0,2,0,1,1,0,0,0,0,1,1,1,1,0,0,0,1,0,1
851,0,1,1,0,0,2,1,2,1,0,1,0,1,1,0,0,0,0,1,0,1,1,1,0,0,1,0,1,1,1,1,1,1,1,1,1,1,1
852,0,1,0,0,1,1,1,2,0,0,0,1,2,0,2,1,1,1,0,0,1,1,0,0,0,2,2,0,1,1,1,1,1,1,1,1,1,1
853,0,1,2,1,0,1,1,0,0,2,0,0,1,0,1,1,1,1,1,1,2,1,1,0,0,1,0,0,1,0,0,0,0,0,0,0,0,0
854,1,0,1,0,0,1,1,1,0,1,0,0,1,1,1,1,0,0,1,0,1,0,2,1,1,0,1,1,0,0,0,0,0,0,0,1,0,0
855,1,0,1,0,0,1,1,0,0,1,1,0,0,0,1,0,1,0,1,0,0,0,1,0,0,1,0,2,0,0,0,0,0,0,0,0,0,0
856,1,1,0,1,0,1,1,1,0,2,1,1,1,1,2,0,0,1,0,0,1,1,0,1,0,0,0,0,0,0,0,0,0,0,0,0,0,0
857,1,0,0,0,0,1,1,0,0,0,0,1,1,1,1,0,1,0,2,0,0,1,2,0,1,0,1,1,1,1,1,1,0,1,1,1,1,1
858,0,2,1,1,1,0,0,1,0,1,0,0,2,2,1,1,1,1,1,0,1,1,0,2,1,0,1,2,1,1,1,1,1,0,1,1,0,1
859,1,1,1,0,0,1,0,1,0,0,0,0,0,0,0,0,0,0,0,0,0,0,1,0,1,2,1,1,1,1,1,1,1,1,1,1,1,1
860,0,1,1,0,0,0,0,1,1,0,0,1,1,2,1,0,0,0,0,0,2,1,2,0,0,1,1,1,1,1,1,1,1,0,1,1,1,1
861,1,0,1,0,0,1,0,2,0,1,1,1,1,1,0,0,0,0,0,0,0,0,1,0,0,0,2,1,1,1,1,1,1,1,1,1,1,1
862,0,2,1,0,0,1,0,1,0,1,0,0,1,1,1,0,0,1,1,0,1,1,0,1,1,0,0,1,0,0,0,0,0,0,0,0,0,0
863,0,1,0,0,0,0,0,2,0,1,0,0,1,0,1,2,0,2,1,1,2,0,0,0,1,0,0,1,1,0,1,0,0,1,1,0,0,0
864,0,2,0,0,0,0,2,1,0,0,0,0,1,0,1,0,1,1,0,1,0,0,0,2,0,1,2,1,1,1,1,1,1,1,1,1,1,1
865,0,1,2,2,0,0,2,2,0,1,0,2,0,1,1,0,0,1,1,0,2,1,1,1,1,1,1,0,0,1,0,0,0,0,0,0,0,1
866,2,1,0,0,1,2,1,2,0,1,1,0,1,0,0,0,0,1,2,0,1,0,1,1,1,1,1,1,1,1,1,1,1,1,0,1,1,0
867,1,1,1,0,1,0,1,0,0,1,0,1,2,1,0,1,1,0,1,0,0,2,1,0,2,1,1,0,0,0,0,0,0,0,0,0,0,0
868,0,0,1,0,1,1,1,0,0,0,0,0,1,2,1,0,0,0,2,0,0,0,2,1,0,2,1,0,1,1,1,1,1,1,1,1,1,1
869,2,0,1,1,0,1,0,0,0,2,0,0,1,1,1,1,1,0,0,0,1,0,0,0,0,2,2,0,0,0,1,0,0,1,0,0,0,0
870,0,1,0,0,0,0,0,2,0,0,0,0,1,0,2,2,2,0,0,0,2,1,1,2,0,0,1,1,1,1,0,1,1,1,0,0,1,1
871,0,1,0,0,1,0,0,1,0,1,0,0,0,1,1,0,0,0,1,0,1,0,0,0,0,0,1,0,0,0,0,0,0,0,0,0,0,0
872,0,0,0,0,0,0,0,2,0,1,0,0,0,1,1,0,0,0,2,0,1,0,2,2,0,0,1,0,0,0,0,0,0,0,0,0,0,0
873,0,2,2,0,0,2,1,1,0,2,0,0,2,2,2,0,0,0,0,1,0,0,1,2,1,1,2,0,0,0,0,0,0,0,0,0,0,0
874,0,1,1,0,0,0,0,2,0,2,0,0,1,1,1,1,0,0,1,0,2,0,1,2,0,1,1,2,0,0,0,1,0,0,0,0,0,0
875,0,0,0,0,1,1,0,1,0,0,0,0,2,0,2,0,0,1,0,0,1,0,2,2,1,0,0,0,0,0,0,0,0,0,0,0,0,0
876,0,0,0,0,0,0,1,2,0,1,1,0,0,1,0,0,0,0,1,0,2,0,1,0,0,0,2,1,1,1,0,1,1,1,1,1,1,1
877,0,1,1,1,0,1,1,1,0,1,0,2,1,2,2,0,0,0,1,1,0,1,1,1,0,1,1,1,1,1,1,1,1,1,1,1,1,1
878,1,2,0,1,1,0,1,2,0,0,0,0,2,1,0,0,1,0,0,0,1,0,0,0,0,0,2,1,1,1,1,1,1,1,1,1,1,1
879,0,0,2,1,0,0,0,0,0,0,0,2,1,0,1,0,0,0,0,0,1,2,0,0,1,0,1,0,1,1,1,1,1,1,1,1,1,1
880,1,1,2,0,0,1,0,0,0,0,0,1,1,1,1,0,0,0,1,0,0,0,1,1,0,0,0,0,0,0,0,0,0,0,0,0,0,0
881,2,0,0,1,0,0,1,0,0,0,0,0,2,1,1,0,0,0,1,0,0,0,2,1,0,1,1,2,1,0,0,1,0,0,1,0,1,1
882,0,1,1,1,0,0,0,1,0,0,1,0,1,0,1,0,1,0,1,1,0,0,1,2,1,1,2,0,0,0,0,0,0,0,0,0,0,0
883,1,0,0,0,0,1,0,1,0,1,0,0,0,1,2,0,0,1,1,0,1,1,2,1,0,1,1,0,1,1,0,1,0,0,1,1,0,1
884,0,1,1,0,0,0,0,1,1,1,1,0,1,1,1,1,0,0,1,0,0,0,0,1,0,0,1,0,0,0,0,0,0,0,0,0,0,0
885,1,1,0,0,0,0,0,1,0,1,0,0,1,2,1,0,0,1,0,1,1,1,2,1,0,1,1,0,0,0,0,0,0,0,0,0,0,0
886,1,0,2,1,0,1,1,1,0,0,0,2,1,1,1,0,1,0,2,1,1,1,2,1,1,0,1,1,0,1,0,1,0,0,1,1,0,1
887,0,0,0,1,0,0,0,1,0,0,0,0,2,0,0,0,0,0,1,1,1,0,0,1,1,2,1,1,0,0,0,0,0,0,0,0,0,0
888,1,2,1,0,1,1,1,1,0,1,0,0,0,1,0,1,1,0,0,0,1,0,1,0,0,0,2,0,0,0,0,0,0,0,0,0,0,0
889,0,2,1,0,1,0,1,0,0,2,0,0,2,1,1,0,0,0,0,1,1,0,1,0,2,2,1,2,0,0,0,0,0,1,0,0,0,0
890,1,0,0,0,1,0,0,1,0,2,0,1,1,0,1,1,0,0,0,0,1,0,1,1,1,2,1,1,1,0,0,1,1,1,0,1,0,1
891,1,2,0,1,0,2,1,0,0,0,0,0,1,0,1,0,1,0,1,0,0,0,1,1,1,1,0,0,1,1,1,1,1,1,0,1,1,1
892,0,0,1,0,0,1,1,0,2,0,0,0,1,0,2,0,0,0,2,1,1,0,2,1,0,2,0,1,1,1,1,1,1,0,0,1,1,1
893,0,0,2,0,0,1,1,2,0,1,0,0,0,0,0,0,0,0,1,1,1,0,0,0,1,0,1,1,0,0,0,0,0,0,0,0,0,0
894,1,0,1,0,0,0,2,0,2,0,1,0,1,0,1,0,0,0,1,1,0,1,0,2,0,0,0,0,1,1,1,0,0,1,0,1,1,1
895,0,1,0,1,0,2,0,0,1,0,1,0,0,0,1,0,1,0,1,1,1,1,0,0,1,1,0,0,0,0,0,0,1,0,0,0,0,0
896,1,0,0,0,2,1,0,0,0,1,0,0,0,2,1,0,0,0,0,0,0,0,1,1,0,1,1,1,1,1,1,1,0,1,1,1,1,1
897,0,2,1,1,0,2,1,0,1,2,0,1,0,2,2,0,0,0,0,0,0,0,1,2,1,0,0,1,1,1,1,1,1,1,1,1,1,1
898,0,1,0,0,0,0,0,1,0,0,0,0,1,0,2,0,0,0,2,0,1,2,1,1,0,0,0,0,0,0,0,0,0,0,1,0,0,0
899,0,0,0,0,1,0,0,0,0,0,0,0,1,0,1,0,1,0,0,2,0,1,2,1,1,1,2,0,0,0,1,0,0,0,0,0,1,0
900,0,1,0,0,0,0,0,0,0,1,0,0,1,1,1,1,0,1,1,0,0,1,0,0,0,1,0,0,1,1,1,1,1,1,1,1,1,1
901,1,0,0,1,1,1,1,1,0,0,0,0,2,0,1,1,2,1,2,0,1,0,1,1,0,1,0,1,1,0,1,0,1,0,0,0,0,0
902,0,1,1,0,1,1,0,0,0,1,0,0,1,1,1,1,0,1,1,0,0,0,0,0,0,1,0,0,0,0,0,0,0,0,0,0,0,0
903,0,0,0,0,0,0,0,0,0,0,0,0,1,1,1,0,0,0,1,1,0,0,0,1,1,0,1,1,1,1,0,0,0,0,0,0,0,0
904,0,0,1,0,0,1,0,1,1,0,0,0,0,0,1,0,0,1,1,0,1,0,1,1,0,0,1,0,0,1,0,0,0,0,0,0,0,0
905,0,0,0,0,0,2,0,0,1,1,0,0,1,1,1,0,0,0,1,0,0,1,0,0,0,1,0,1,1,1,1,1,1,1,1,1,1,1
906,0,0,0,1,1,1,0,1,1,0,1,0,0,1,1,2,1,0,1,0,1,0,1,2,0,1,2,0,0,0,0,1,0,0,0,0,0,0
907,0,2,2,0,1,0,0,1,0,0,0,0,1,0,2,0,0,0,0,0,1,0,1,1,1,1,1,0,1,1,1,1,0,1,1,0,1,1
908,1,0,1,0,0,1,0,2,0,1,0,0,1,2,0,0,1,0,1,0,1,1,1,0,0,0,0,1,1,1,1,1,1,1,1,1,1,0
909,0,0,0,0,0,1,0,1,0,1,0,0,1,0,1,0,1,0,1,1,1,1,2,0,0,0,1,0,0,0,0,0,0,0,1,0,0,0
910,1,0,0,2,1,1,0,1,0,1,0,1,1,1,0,0,0,0,2,0,0,1,1,0,0,0,1,0,0,0,1,1,1,1,1,1,0,1
911,0,1,1,0,0,1,0,0,0,0,0,0,0,2,0,0,0,0,1,0,0,1,1,1,1,1,1,2,1,1,1,1,1,1,1,1,1,1
912,0,0,1,0,0,0,1,0,0,0,0,0,1,0,2,0,0,0,2,0,0,1,0,2,1,0,0,1,1,1,0,0,1,1,1,1,0,0
913,0,1,1,0,0,0,1,0,0,1,1,0,1,0,1,0,0,0,1,1,1,0,1,2,0,0,0,0,0,0,0,0,0,0,0,0,1,0
914,0,0,0,0,0,2,2,1,2,2,0,1,1,1,1,0,0,0,1,1,1,2,2,0,0,1,2,0,1,1,1,1,1,1,1,1,1,1
915,1,1,1,0,0,1,1,1,0,1,2,0,0,0,1,0,0,0,1,1,0,2,0,2,1,0,0,0,0,0,0,0,0,0,0,0,0,0
916,0,0,1,1,0,1,2,2,0,1,0,1,2,2,0,1,0,0,1,0,2,0,2,1,0,0,2,1,1,1,1,1,1,0,1,1,1,1
917,1,0,1,0,0,0,1,0,0,1,1,0,0,1,0,0,0,0,1,0,0,1,0,0,1,2,1,1,1,1,0,1,1,1,1,1,1,1
918,0,1,0,0,0,2,1,0,0,2,0,0,1,0,0,0,0,0,1,0,1,1,1,0,0,0,1,1,1,1,1,1,1,1,1,1,1,1
919,1,1,1,0,0,1,0,0,0,2,1,1,0,1,1,0,1,0,0,1,0,2,2,1,0,0,1,1,1,1,1,1,1,1,1,1,1,1
920,1,1,2,0,0,1,0,0,0,1,0,0,1,1,0,0,0,1,0,1,0,0,0,1,1,0,0,1,0,0,0,0,0,0,0,1,0,0
921,1,1,2,0,0,2,0,0,0,1,0,0,1,1,2,0,0,0,1,2,0,0,0,0,1,2,0,1,0,0,0,0,0,0,0,0,0,0
922,1,2,0,0,0,0,1,1,1,0,1,0,1,1,1,0,0,0,1,0,1,1,1,1,1,0,0,0,0,0,0,0,0,0,0,0,0,0
923,0,0,1,0,0,0,1,2,0,0,1,1,1,0,0,1,0,0,0,1,2,1,1,1,0,2,1,0,0,0,0,0,0,0,0,0,0,0
924,1,0,1,0,0,1,0,2,0,1,0,0,0,1,1,2,1,0,1,0,1,0,1,1,0,0,1,0,1,1,1,1,1,1,1,1,1,1
925,0,1,0,0,0,0,1,0,0,0,0,0,2,1,1,1,1,1,1,0,0,1,0,1,0,1,0,0,0,0,0,0,0,0,0,0,0,0
926,0,0,0,1,0,0,0,1,1,0,1,0,0,1,0,0,0,0,1,0,1,1,0,2,0,2,2,0,1,1,1,1,0,1,1,1,1,1
927,2,1,0,2,0,0,0,1,1,1,0,0,0,1,0,0,1,0,0,0,2,0,1,0,0,1,1,0,0,0,0,0,0,0,0,1,1,0
928,0,0,2,0,0,1,1,0,0,1,0,0,1,1,1,0,0,0,2,0,0,1,0,1,2,1,1,1,0,0,0,0,0,0,0,0,0,0
929,0,2,1,0,0,0,0,1,1,0,0,2,1,1,0,0,1,0,0,0,1,0,0,1,1,0,0,1,1,0,1,1,1,1,1,1,1,1
930,1,0,0,0,0,1,1,0,0,0,0,0,1,1,0,1,0,0,0,0,0,0,0,1,1,0,1,0,0,0,0,0,0,0,0,0,0,0
931,1,0,0,0,1,2,0,2,0,0,1,1,0,0,0,0,0,0,1,0,0,0,1,1,0,1,0,0,0,0,0,0,0,0,0,0,0,0
932,0,1,0,0,0,1,1,1,0,1,0,1,0,0,0,1,1,0,0,0,0,0,0,1,1,0,1,0,0,0,0,0,0,0,0,0,0,0
933,1,1,0,0,0,0,0,0,0,1,0,0,2,0,1,1,0,0,1,0,0,1,1,1,0,1,2,0,0,0,1,0,1,0,0,1,0,1
934,1,1,1,0,0,1,0,1,0,1,1,0,2,1,1,1,1,0,0,1,0,0,0,1,0,1,1,0,0,0,0,0,0,0,0,0,0,0
935,0,1,0,0,0,1,0,1,0,0,0,0,1,2,2,0,0,0,1,0,0,0,1,2,0,0,0,0,0,0,0,0,0,0,0,0,0,0
936,1,1,1,0,0,1,0,1,0,0,0,0,1,0,1,1,0,0,0,0,1,0,0,1,1,1,1,0,0,0,0,0,0,0,0,0,0,0
937,0,2,1,0,0,1,1,2,0,1,0,0,1,1,1,0,1,2,1,1,2,0,2,2,0,0,1,2,0,0,0,0,0,0,0,0,0,0
938,1,1,0,1,0,1,0,0,1,0,0,0,2,0,0,0,0,0,0,0,0,2,1,1,0,0,1,1,1,1,1,0,1,1,1,1,1,1
939,0,2,0,2,1,2,2,1,0,1,0,1,0,1,2,0,0,1,1,0,1,1,1,0,0,0,0,0,0,0,1,1,0,0,1,1,1,0
940,0,1,0,0,0,0,2,1,0,2,0,0,1,1,0,0,0,0,1,2,1,0,0,0,0,0,2,0,0,0,0,0,0,0,0,0,0,0
941,0,2,0,0,0,1,1,0,0,1,0,0,1,2,1,0,0,0,1,0,1,1,2,0,0,0,1,1,0,0,0,0,0,0,0,0,0,0
942,1,0,0,0,0,0,0,0,0,0,2,0,0,1,2,1,1,0,0,1,0,0,1,1,0,0,1,0,0,0,0,0,0,0,0,0,0,0
943,0,1,1,0,1,1,1,1,0,1,0,1,0,1,2,1,0,0,1,0,1,0,2,1,0,0,1,1,1,1,1,1,1,1,1,1,1,1
944,0,2,1,1,1,0,0,1,0,2,0,0,1,1,1,0,0,0,0,1,0,0,1,1,0,1,0,0,0,0,0,0,0,0,0,0,0,0
945,1,2,0,0,1,1,0,2,1,1,2,0,0,1,1,0,1,1,1,0,2,1,1,0,0,0,1,0,1,1,1,0,1,1,0,1,1,0
946,0,0,0,0,1,0,1,0,0,1,0,2,2,1,1,1,0,0,1,0,0,1,1,1,0,1,1,0,1,1,1,1,1,1,1,1,1,1
947,0,1,0,1,0,0,0,1,0,1,0,1,0,1,0,0,2,0,0,0,1,0,1,0,1,1,2,0,1,1,1,1,1,1,1,1,1,0
948,2,2,1,1,0,1,1,0,0,1,1,0,0,1,0,0,1,0,1,0,1,0,1,0,0,1,0,0,1,1,1,1,1,1,0,1,1,1
949,0,1,0,1,1,1,1,1,0,1,1,0,2,0,2,1,0,0,1,0,1,0,1,2,0,1,1,2,0,0,0,0,0,0,0,0,0,0
950,0,1,1,2,0,2,1,1,2,2,1,0,1,1,0,0,0,0,0,1,1,0,1,0,0,1,1,2,1,1,1,1,1,1,1,1,1,1
951,1,1,1,0,0,2,0,0,0,1,0,0,0,2,0,0,2,0,1,1,0,0,1,1,0,0,1,0,1,1,1,1,1,1,1,1,1,1
952,1,0,0,1,0,0,0,2,0,1,0,0,0,0,2,1,1,0,0,0,2,1,1,1,1,0,0,0,0,0,0,0,0,0,0,0,0,0
953,0,1,1,1,0,0,0,0,0,0,0,0,2,1,2,0,0,0,1,0,1,0,1,1,1,1,2,0,1,1,1,1,1,1,1,1,1,1
954,1,0,0,0,0,2,1,1,0,1,0,0,0,0,2,0,0,0,1,0,2,0,0,1,0,0,0,0,0,0,0,0,0,0,0,0,0,0
955,0,0,0,0,0,1,0,1,0,2,0,2,0,0,1,0,0,1,0,0,0,0,0,1,0,0,1,2,0,0,0,0,0,0,0,0,0,0
956,1,1,1,1,0,1,1,1,0,1,0,0,1,0,1,1,1,0,0,0,1,0,0,0,0,1,1,0,0,0,0,0,0,1,0,0,0,0
957,0,1,0,0,0,1,0,0,0,1,0,0,2,1,0,1,0,0,0,0,0,1,0,0,0,0,0,1,1,1,1,1,1,1,1,1,1,1
958,1,0,0,0,0,0,1,1,0,1,0,1,1,0,1,0,0,0,0,1,0,1,1,2,0,1,1,0,1,1,1,1,1,1,1,1,1,1
959,0,1,0,0,0,2,1,1,0,0,0,0,1,0,2,0,0,0,1,0,1,0,1,1,1,1,0,1,1,1,1,1,1,1,1,1,1,1
960,0,2,0,0,0,1,0,1,0,2,0,0,1,1,2,0,0,0,1,0,1,1,1,1,0,1,1,1,0,0,1,0,0,0,0,0,0,0
961,1,0,1,0,0,1,0,2,0,0,0,1,1,2,1,0,0,0,1,1,1,0,1,1,1,1,0,1,1,1,1,1,0,0,1,1,1,1
962,0,1,1,0,0,0,0,1,1,0,1,0,1,1,0,0,0,0,2,0,1,0,1,1,0,0,1,0,0,0,0,0,0,0,0,0,0,0
963,1,0,1,0,2,2,0,2,0,1,1,1,2,0,2,1,1,0,2,0,1,0,1,1,0,1,0,0,1,1,1,0,0,0,0,1,0,0
964,0,0,1,1,0,2,1,1,0,0,0,0,0,1,0,1,1,0,1,1,0,1,0,1,0,1,1,0,0,0,0,0,0,0,0,0,0,0
965,0,0,0,1,1,1,1,1,1,2,0,0,1,0,1,0,1,0,2,1,0,0,1,2,0,1,0,0,0,0,0,0,0,0,0,0,0,0
966,0,0,1,0,0,0,1,0,0,0,0,1,1,1,0,0,0,1,0,0,0,1,0,1,1,1,1,1,0,0,0,0,0,1,1,1,0,0
967,0,1,1,0,1,0,1,1,0,2,1,0,0,2,0,0,1,0,2,0,1,0,2,1,0,0,1,1,0,0,0,0,0,0,0,0,0,0
968,1,0,0,0,1,1,2,1,0,1,0,0,0,1,1,1,0,0,1,0,1,0,0,0,0,1,1,1,1,1,1,1,1,1,1,1,1,1
969,0,1,2,0,0,1,1,0,0,0,1,0,2,0,0,0,0,0,2,0,0,1,0,0,2,0,1,1,0,1,0,0,1,1,0,0,0,0
970,0,1,0,0,0,1,0,0,0,0,1,0,2,1,2,0,0,0,1,1,1,0,1,0,1,1,0,1,0,1,0,0,0,0,0,0,1,1
971,1,1,0,0,0,1,0,1,0,2,0,0,2,0,1,0,0,0,1,0,1,1,1,0,1,0,1,1,1,1,1,1,0,1,1,1,1,1
972,1,1,2,1,0,0,0,1,0,1,0,0,1,0,0,1,1,1,1,0,1,0,1,1,0,1,1,0,0,0,0,1,0,0,0,0,0,0
973,0,1,1,0,0,2,1,0,1,1,0,0,2,1,1,0,0,1,0,0,0,0,0,1,1,1,0,1,1,1,1,1,1,1,1,1,1,1
974,0,1,1,1,0,1,1,0,1,0,1,1,0,1,0,0,0,0,0,0,1,1,1,1,0,0,0,0,1,1,1,1,1,1,1,1,1,1
975,1,0,0,1,0,2,0,1,2,0,0,0,2,2,1,0,0,0,0,0,1,0,0,0,0,0,0,0,1,1,1,1,1,1,1,1,1,1
976,1,1,0,0,1,1,0,1,1,0,0,0,1,0,1,1,0,0,1,1,1,0,0,0,1,1,0,0,1,0,1,1,1,1,1,1,1,1
977,0,0,2,0,0,1,2,1,1,1,1,0,1,0,1,1,1,0,0,0,1,1,2,1,1,1,0,0,1,1,1,1,1,1,1,1,1,1
978,0,0,0,0,1,1,0,1,1,2,2,1,1,0,0,1,1,0,0,1,1,0,0,0,0,0,0,2,1,1,1,1,1,1,1,1,1,1
979,1,0,2,1,1,1,1,0,0,0,1,0,0,1,1,1,1,0,1,0,0,0,1,1,0,0,1,1,1,1,1,1,1,1,1,1,1,1
980,0,2,1,0,1,1,0,2,0,0,0,0,1,1,1,0,1,0,0,0,0,0,2,1,1,0,0,0,1,1,1,1,0,1,1,1,1,1
981,1,1,0,1,1,0,0,1,2,0,0,0,1,1,1,1,0,0,0,0,1,1,2,1,1,0,0,1,1,1,1,1,1,1,1,1,1,1
982,0,1,0,0,0,0,0,0,0,1,0,0,1,1,1,0,0,1,1,1,0,0,1,2,0,1,1,1,0,0,0,0,0,0,0,0,0,0
983,0,1,0,0,1,1,0,2,1,0,0,0,0,1,0,1,0,0,1,1,2,0,1,0,1,1,1,0,1,1,1,1,1,1,1,1,1,1
984,0,1,1,1,0,1,0,1,0,0,0,1,2,1,1,0,0,0,1,0,1,1,2,0,1,0,1,1,1,1,1,1,1,1,1,1,1,1
985,0,1,1,0,0,0,0,0,0,0,0,0,1,1,1,0,0,0,2,0,0,0,2,1,1,1,1,0,0,0,0,0,0,0,0,0,0,0
986,1,0,0,0,0,1,1,1,0,2,0,0,0,0,0,0,0,0,0,0,0,0,0,1,0,0,1,0,0,0,0,0,0,0,0,0,0,0
987,1,1,0,0,0,0,0,2,0,1,1,1,2,1,1,0,0,0,0,0,2,0,1,0,1,1,0,0,1,0,0,1,1,0,1,1,1,1
988,1,0,1,0,1,1,1,0,0,2,1,0,2,2,1,0,0,1,2,0,0,1,1,0,0,1,0,0,0,0,0,0,0,0,0,0,0,0
989,1,1,1,0,1,1,0,1,0,1,1,0,1,1,2,0,0,0,1,0,1,0,0,1,1,0,2,0,0,0,0,0,0,0,0,0,1,0
990,1,1,0,0,0,2,1,0,1,0,0,0,1,0,1,1,0,0,0,0,1,0,1,1,1,1,1,0,1,1,1,1,1,1,0,1,1,1
991,0,2,0,0,0,1,2,2,0,0,0,0,0,0,1,0,0,1,0,0,1,1,1,0,0,1,1,0,0,0,0,0,0,0,0,0,0,0
992,0,2,1,0,0,0,1,1,0,0,0,1,0,0,1,1,0,0,2,0,2,0,1,0,1,0,1,1,0,0,0,0,0,0,0,0,0,0
993,1,2,0,0,1,2,1,2,0,1,0,0,1,1,2,0,1,0,0,1,2,0,2,2,0,1,1,1,1,1,1,1,1,1,1,1,1,1
994,1,2,1,0,0,1,0,1,0,0,0,0,0,1,2,0,1,0,1,0,1,0,1,1,0,0,0,0,0,1,0,0,1,1,0,1,1,1
995,1,1,2,0,0,0,1,1,0,0,1,0,1,0,0,1,1,1,0,1,1,2,0,0,0,0,1,0,1,1,1,1,1,1,1,1,0,1
996,0,0,0,0,1,1,2,1,1,1,0,0,2,1,1,0,0,0,1,0,1,0,1,1,1,1,1,1,1,1,1,1,1,1,1,1,1,1
997,1,0,1,0,0,0,1,2,1,1,1,0,0,1,2,0,0,1,1,1,2,0,1,2,1,0,1,0,0,0,0,0,0,0,0,0,0,0
998,2,0,0,0,1,1,2,1,0,0,0,0,1,0,2,0,0,0,2,0,0,0,0,0,0,0,1,0,0,0,0,0,0,0,0,0,0,0
999,0,1,0,0,1,1,1,1,0,2,1,0,2,1,1,0,0,0,1,0,0,0,1,1,0,1,0,0,0,0,0,0,0,0,0,0,0,0
